Earnings Date,EPS Estimate,Reported EPS,Surprise(%),ticker,beat
2025-05-01,1.63,1.65,1.41,AAPL,1
2025-01-30,2.35,2.4,2.15,AAPL,1
2024-10-31,1.6,1.64,2.35,AAPL,1
2024-08-01,1.35,1.4,3.99,AAPL,1
2024-05-02,1.5,1.53,1.97,AAPL,1
2024-02-01,2.1,2.18,3.9,AAPL,1
2023-11-02,1.39,1.46,4.92,AAPL,1
2023-08-03,1.19,1.26,5.49,AAPL,1
2023-05-04,1.43,1.52,6.03,AAPL,1
2023-02-02,1.94,1.88,-2.88,AAPL,0
2022-10-27,1.27,1.29,1.55,AAPL,1
2022-07-28,1.16,1.2,3.25,AAPL,1
2022-04-28,1.43,1.52,6.44,AAPL,1
2022-01-27,1.89,2.1,11.17,AAPL,1
2021-10-28,1.24,1.24,0.3,AAPL,0
2021-07-27,1.01,1.3,29.12,AAPL,1
2021-04-28,0.99,1.4,41.89,AAPL,1
2021-01-27,1.41,1.68,19.02,AAPL,1
2020-10-29,0.7,0.73,4.25,AAPL,1
2020-07-30,0.51,0.65,26.25,AAPL,1
2020-04-30,0.57,0.64,12.78,AAPL,1
2020-01-28,1.14,1.25,9.73,AAPL,1
2019-10-30,0.71,0.76,6.71,AAPL,1
2019-07-30,0.52,0.55,3.9,AAPL,1
2019-04-30,0.59,0.62,4.18,AAPL,1
2019-01-29,1.04,1.05,0.31,AAPL,1
2018-11-01,0.7,0.73,4.56,AAPL,1
2018-07-31,0.55,0.59,7.27,AAPL,1
2018-05-01,0.67,0.68,2.14,AAPL,1
2018-02-01,0.96,0.97,0.87,AAPL,1
2017-11-02,0.47,0.52,10.85,AAPL,1
2017-08-01,0.39,0.42,6.27,AAPL,1
2017-05-02,0.5,0.53,3.97,AAPL,1
2017-01-31,0.8,0.84,4.55,AAPL,1
2016-10-25,0.41,0.42,0.84,AAPL,1
2016-07-26,0.35,0.36,2.6,AAPL,1
2025-04-30,3.22,3.46,7.45,MSFT,1
2025-01-29,3.11,3.23,3.82,MSFT,1
2024-10-30,3.1,3.3,6.52,MSFT,1
2024-07-30,2.93,2.95,0.54,MSFT,1
2024-04-25,2.82,2.94,4.32,MSFT,1
2024-01-30,2.78,2.93,5.34,MSFT,1
2023-10-24,2.65,2.99,12.7,MSFT,1
2023-07-25,2.55,2.69,5.49,MSFT,1
2023-04-25,2.23,2.45,9.81,MSFT,1
2023-01-24,2.29,2.32,1.09,MSFT,1
2022-10-25,2.3,2.35,2.05,MSFT,1
2022-07-26,2.29,2.23,-2.74,MSFT,0
2022-04-26,2.19,2.22,1.6,MSFT,1
2022-01-25,2.31,2.48,7.25,MSFT,1
2021-10-26,2.07,2.27,9.41,MSFT,1
2021-07-27,1.92,2.17,13.26,MSFT,1
2021-04-27,1.78,1.95,9.63,MSFT,1
2021-01-26,1.64,2.03,23.69,MSFT,1
2020-10-27,1.54,1.82,17.91,MSFT,1
2020-07-22,1.34,1.46,8.72,MSFT,1
2020-04-29,1.26,1.4,10.7,MSFT,1
2020-01-29,1.32,1.51,14.49,MSFT,1
2019-10-23,1.25,1.38,10.83,MSFT,1
2019-07-18,1.21,1.37,12.95,MSFT,1
2019-04-24,1.0,1.14,14.15,MSFT,1
2019-01-30,1.09,1.1,0.7,MSFT,1
2018-10-24,0.96,1.14,18.37,MSFT,1
2018-07-19,1.08,1.13,5.02,MSFT,1
2018-04-26,0.85,0.95,11.86,MSFT,1
2018-01-31,0.86,0.96,11.0,MSFT,1
2017-10-26,0.72,0.84,16.55,MSFT,1
2017-07-20,0.71,0.98,38.93,MSFT,1
2017-04-27,0.7,0.73,4.66,MSFT,1
2017-01-26,0.79,0.84,6.2,MSFT,1
2016-10-20,0.68,0.76,11.27,MSFT,1
2016-07-19,0.58,0.69,18.82,MSFT,1
2025-05-01,1.36,1.59,16.73,AMZN,1
2025-02-06,1.49,1.86,24.47,AMZN,1
2024-10-31,1.14,1.43,25.17,AMZN,1
2024-08-01,1.03,1.26,22.58,AMZN,1
2024-04-30,0.83,0.98,17.91,AMZN,1
2024-02-01,0.8,1.0,24.55,AMZN,1
2023-10-26,0.58,0.94,60.85,AMZN,1
2023-08-03,0.35,0.65,85.73,AMZN,1
2023-04-27,0.21,0.31,46.36,AMZN,1
2023-02-02,0.18,0.25,42.56,AMZN,1
2022-10-27,0.22,0.17,-21.08,AMZN,0
2022-07-28,0.14,0.18,24.9,AMZN,1
2022-04-28,0.42,0.37,-11.7,AMZN,0
2022-02-03,0.18,0.29,62.48,AMZN,1
2021-10-28,0.45,0.31,-31.39,AMZN,0
2021-07-29,0.62,0.76,22.91,AMZN,1
2021-04-29,0.48,0.79,65.48,AMZN,1
2021-02-02,0.36,0.7,94.84,AMZN,1
2020-10-29,0.37,0.62,66.95,AMZN,1
2020-07-30,0.07,0.52,605.29,AMZN,1
2020-04-30,0.31,0.25,-19.83,AMZN,0
2020-01-30,0.2,0.32,60.62,AMZN,1
2019-10-24,0.23,0.21,-8.43,AMZN,0
2019-07-25,0.28,0.26,-6.27,AMZN,0
2019-04-25,0.24,0.35,50.11,AMZN,1
2019-01-31,0.28,0.3,6.34,AMZN,1
2018-10-25,0.16,0.29,82.98,AMZN,1
2018-07-26,0.13,0.25,99.84,AMZN,1
2018-04-26,0.06,0.16,159.65,AMZN,1
2018-02-01,0.09,0.11,17.33,AMZN,1
2017-07-27,0.07,0.02,-71.81,AMZN,0
2017-04-27,0.05,0.07,36.46,AMZN,1
2017-02-02,0.07,0.08,14.35,AMZN,1
2016-10-27,0.04,0.03,-33.25,AMZN,0
2016-07-28,0.06,0.09,60.65,AMZN,1
2025-04-24,2.01,2.27,12.81,GOOGL,1
2025-02-04,2.13,2.15,1.04,GOOGL,1
2024-10-29,1.85,2.12,14.87,GOOGL,1
2024-07-23,1.84,1.89,2.47,GOOGL,1
2024-04-25,1.51,1.89,24.77,GOOGL,1
2024-01-30,1.59,1.64,2.98,GOOGL,1
2023-10-24,1.45,1.55,6.84,GOOGL,1
2023-07-25,1.34,1.44,7.54,GOOGL,1
2023-04-25,1.07,1.17,9.72,GOOGL,1
2023-02-02,1.18,1.05,-10.73,GOOGL,0
2022-10-25,1.25,1.06,-15.14,GOOGL,0
2022-07-26,1.28,1.21,-5.41,GOOGL,0
2022-04-26,1.3,1.23,-5.0,GOOGL,0
2022-02-01,1.37,1.53,12.24,GOOGL,1
2021-10-26,1.17,1.4,19.21,GOOGL,1
2021-07-27,0.97,1.36,40.94,GOOGL,1
2021-04-27,0.79,1.31,66.18,GOOGL,1
2021-02-02,0.8,1.12,40.25,GOOGL,1
2020-10-29,0.56,0.82,45.27,GOOGL,1
2020-07-30,0.41,0.51,23.42,GOOGL,1
2020-04-28,0.52,0.49,-4.41,GOOGL,0
2020-02-03,0.63,0.77,22.49,GOOGL,1
2019-10-28,0.62,0.54,-13.29,GOOGL,0
2019-07-25,0.56,0.71,25.78,GOOGL,1
2019-04-29,0.53,0.6,12.12,GOOGL,1
2019-02-04,0.54,0.64,18.05,GOOGL,1
2018-10-25,0.52,0.65,25.32,GOOGL,1
2018-07-23,0.48,0.59,22.5,GOOGL,1
2018-04-23,0.46,0.5,6.99,GOOGL,1
2018-02-01,0.5,0.49,-2.8,GOOGL,0
2017-10-26,0.42,0.48,14.91,GOOGL,1
2017-07-24,0.22,0.25,11.67,GOOGL,1
2017-04-27,0.37,0.39,4.59,GOOGL,1
2017-01-26,0.48,0.47,-2.95,GOOGL,0
2016-10-27,0.43,0.45,5.02,GOOGL,1
2016-07-28,0.4,0.42,4.72,GOOGL,1
2025-04-24,2.01,2.27,13.15,GOOG,1
2025-02-04,2.13,2.15,1.13,GOOG,1
2024-10-29,1.85,2.12,14.63,GOOG,1
2024-07-23,1.84,1.89,2.46,GOOG,1
2024-04-25,1.51,1.89,25.21,GOOG,1
2024-01-30,1.59,1.64,2.93,GOOG,1
2023-10-24,1.45,1.55,7.2,GOOG,1
2023-07-25,1.34,1.44,7.7,GOOG,1
2023-04-25,1.06,1.17,10.2,GOOG,1
2023-02-02,1.19,1.05,-11.64,GOOG,0
2022-10-25,1.25,1.06,-15.09,GOOG,0
2022-07-26,1.3,1.21,-6.58,GOOG,0
2022-04-26,1.29,1.23,-4.9,GOOG,0
2022-02-01,1.38,1.53,11.55,GOOG,1
2021-10-26,1.17,1.4,19.24,GOOG,1
2021-07-27,0.96,1.36,41.34,GOOG,1
2021-04-27,0.79,1.31,65.59,GOOG,1
2021-02-02,0.8,1.12,39.5,GOOG,1
2020-10-29,0.56,0.82,46.31,GOOG,1
2020-07-30,0.42,0.51,21.43,GOOG,1
2020-04-28,0.52,0.49,-4.92,GOOG,0
2020-02-03,0.63,0.77,21.96,GOOG,1
2019-10-28,0.62,0.54,-13.54,GOOG,0
2019-07-25,0.57,0.71,25.39,GOOG,1
2019-04-29,0.53,0.6,11.95,GOOG,1
2019-02-04,0.54,0.64,18.0,GOOG,1
2018-10-25,0.52,0.65,25.58,GOOG,1
2018-07-23,0.48,0.59,23.19,GOOG,1
2018-04-23,0.47,0.5,6.57,GOOG,1
2018-02-01,0.5,0.49,-2.63,GOOG,0
2017-10-26,0.42,0.48,14.9,GOOG,1
2017-07-24,0.22,0.25,12.06,GOOG,1
2017-04-27,0.37,0.39,4.61,GOOG,1
2017-01-26,0.48,0.47,-3.18,GOOG,0
2016-10-27,0.43,0.45,4.84,GOOG,1
2016-07-28,0.4,0.42,4.89,GOOG,1
2025-04-30,5.28,6.43,21.77,META,1
2025-01-29,6.77,8.02,18.39,META,1
2024-10-30,5.25,6.03,14.81,META,1
2024-07-31,4.73,5.16,9.17,META,1
2024-04-24,4.32,4.71,8.99,META,1
2024-02-01,4.96,5.33,7.51,META,1
2023-10-25,3.63,4.39,20.89,META,1
2023-07-26,2.92,2.98,2.23,META,1
2023-04-26,2.03,2.2,8.51,META,1
2023-02-01,2.22,1.76,-20.6,META,0
2022-10-26,1.89,1.64,-13.09,META,0
2022-07-27,2.59,2.46,-4.95,META,0
2022-04-27,2.56,2.72,6.35,META,1
2022-02-02,3.84,3.67,-4.39,META,0
2021-10-25,3.19,3.22,0.99,META,1
2021-07-28,3.03,3.61,18.99,META,1
2021-04-28,2.37,3.3,39.41,META,1
2021-01-27,3.22,3.88,20.62,META,1
2020-10-29,1.91,2.4,25.95,META,1
2020-07-30,1.39,1.8,29.58,META,1
2020-04-29,1.75,1.71,-2.56,META,0
2020-01-29,2.53,2.56,1.36,META,1
2019-10-30,1.91,2.12,10.92,META,1
2019-07-24,1.88,1.99,5.77,META,1
2019-04-24,1.63,1.89,16.25,META,1
2019-01-30,2.19,2.38,8.88,META,1
2018-10-30,1.47,1.76,19.68,META,1
2018-07-25,1.72,1.74,1.1,META,1
2018-04-25,1.35,1.69,25.12,META,1
2018-01-31,1.95,2.21,13.2,META,1
2017-11-01,1.28,1.59,24.11,META,1
2017-07-26,1.13,1.32,16.93,META,1
2017-05-03,1.12,1.3,16.04,META,1
2017-02-01,1.31,1.41,7.62,META,1
2016-11-02,0.97,1.09,12.87,META,1
2016-07-27,0.82,0.97,18.87,META,1
2025-04-22,0.39,0.27,-30.98,TSLA,0
2025-01-29,0.76,0.73,-4.25,TSLA,0
2024-10-23,0.58,0.72,23.24,TSLA,1
2024-07-23,0.62,0.52,-16.62,TSLA,0
2024-04-23,0.51,0.45,-12.04,TSLA,0
2024-01-24,0.74,0.71,-4.39,TSLA,0
2023-10-18,0.72,0.66,-8.25,TSLA,0
2023-07-19,0.82,0.91,10.63,TSLA,1
2023-04-19,0.85,0.85,-0.04,TSLA,0
2023-01-25,1.13,1.19,5.55,TSLA,1
2022-10-19,0.99,1.05,5.7,TSLA,1
2022-07-20,0.6,0.76,25.11,TSLA,1
2022-04-20,0.75,1.07,42.56,TSLA,1
2022-01-26,0.79,0.85,7.15,TSLA,1
2021-10-20,0.53,0.62,16.68,TSLA,1
2021-07-26,0.33,0.48,47.7,TSLA,1
2021-04-26,0.26,0.31,17.77,TSLA,1
2021-01-27,0.34,0.27,-22.52,TSLA,0
2020-10-21,0.19,0.25,30.72,TSLA,1
2020-07-22,-0.01,0.15,1283.47,TSLA,1
2020-04-29,-0.02,0.08,456.81,TSLA,1
2020-01-29,0.11,0.14,19.49,TSLA,1
2019-10-23,-0.03,0.12,542.7,TSLA,1
2019-07-24,-0.02,-0.07,-214.14,TSLA,0
2019-04-24,-0.05,-0.12,-158.04,TSLA,0
2019-01-30,0.08,0.13,69.3,TSLA,1
2018-10-24,0.03,0.19,530.36,TSLA,1
2018-08-01,-0.2,-0.16,18.34,TSLA,1
2018-05-02,-0.24,-0.22,6.47,TSLA,1
2018-02-07,-0.21,-0.2,1.69,TSLA,1
2017-11-01,-0.15,-0.19,-32.5,TSLA,0
2017-08-02,-0.12,-0.09,27.03,TSLA,1
2017-05-03,-0.09,-0.09,0.74,TSLA,0
2017-02-22,-0.21,-0.14,33.65,TSLA,1
2016-10-26,-0.08,0.14,269.05,TSLA,1
2016-08-03,-0.04,-0.07,-76.67,TSLA,0
2025-05-05,4.63,4.47,-3.46,BRK-B,0
2025-02-22,4.59,6.73,46.62,BRK-B,1
2024-11-04,4.51,4.68,3.65,BRK-B,1
2024-08-05,4.81,5.38,11.85,BRK-B,1
2024-05-04,4.58,5.2,13.66,BRK-B,1
2024-02-24,3.97,3.92,-1.26,BRK-B,0
2023-11-04,4.59,4.96,8.06,BRK-B,1
2023-08-05,3.87,4.62,19.38,BRK-B,1
2023-05-06,3.5,3.69,5.43,BRK-B,1
2023-02-25,3.63,3.06,-15.7,BRK-B,0
2022-11-05,2.67,3.53,32.37,BRK-B,1
2022-08-08,3.33,4.21,26.55,BRK-B,1
2022-04-30,2.8,3.18,13.57,BRK-B,1
2022-02-28,2.88,3.27,13.41,BRK-B,1
2021-11-07,2.99,2.87,-3.91,BRK-B,0
2021-08-07,2.6,2.93,12.69,BRK-B,1
2021-05-01,2.53,3.05,20.39,BRK-B,1
2021-02-27,2.27,2.15,-5.15,BRK-B,0
2020-11-07,2.42,2.3,-4.83,BRK-B,0
2020-08-08,2.24,2.28,1.63,BRK-B,1
2020-05-02,2.51,2.41,-3.98,BRK-B,0
2020-02-22,2.34,1.81,-22.76,BRK-B,0
2019-11-03,2.84,3.07,7.97,BRK-B,1
2019-08-03,2.58,2.5,-3.01,BRK-B,0
2019-05-04,2.29,2.26,-1.31,BRK-B,0
2019-02-23,1.85,2.32,25.58,BRK-B,1
2018-11-03,2.49,2.79,11.96,BRK-B,1
2018-08-04,2.24,2.79,24.78,BRK-B,1
2018-05-05,2.07,2.14,3.58,BRK-B,1
2018-02-24,1.76,1.35,-23.38,BRK-B,0
2017-11-03,1.58,1.4,-11.28,BRK-B,0
2017-08-04,1.88,1.67,-10.93,BRK-B,0
2017-05-05,1.76,1.44,-18.07,BRK-B,0
2017-02-25,1.83,1.78,-2.73,BRK-B,0
2016-11-04,1.99,1.97,-1.01,BRK-B,0
2016-08-05,1.86,1.87,0.72,BRK-B,1
2025-05-28,0.93,0.81,-13.18,NVDA,0
2025-02-26,0.84,0.89,5.5,NVDA,1
2024-11-20,0.75,0.81,8.58,NVDA,1
2024-08-28,0.64,0.68,6.03,NVDA,1
2024-05-22,0.56,0.61,9.48,NVDA,1
2024-02-21,4.64,5.16,11.32,NVDA,1
2023-11-21,3.37,4.02,19.21,NVDA,1
2023-08-23,2.09,2.7,29.41,NVDA,1
2023-05-24,0.92,1.09,18.57,NVDA,1
2023-02-22,0.81,0.88,8.75,NVDA,1
2022-11-16,0.69,0.58,-16.47,NVDA,0
2022-08-24,1.26,0.51,-59.38,NVDA,0
2022-05-25,1.29,1.36,5.15,NVDA,1
2022-02-16,1.22,1.32,7.99,NVDA,1
2021-11-17,1.11,1.17,5.76,NVDA,1
2021-08-18,1.01,1.04,2.51,NVDA,1
2021-05-26,0.82,0.92,11.46,NVDA,1
2021-02-24,0.7,0.78,10.33,NVDA,1
2020-11-18,0.64,0.73,13.1,NVDA,1
2020-08-19,0.49,0.55,10.79,NVDA,1
2020-05-21,0.42,0.45,6.75,NVDA,1
2020-02-13,0.42,0.47,13.24,NVDA,1
2019-11-14,0.39,0.45,13.07,NVDA,1
2019-08-15,0.29,0.31,8.29,NVDA,1
2019-05-16,0.2,0.22,8.69,NVDA,1
2019-02-14,0.19,0.2,6.48,NVDA,1
2018-11-15,0.47,0.46,-1.32,NVDA,0
2018-08-16,0.44,0.49,9.8,NVDA,1
2018-05-10,0.4,0.51,28.67,NVDA,1
2018-02-08,0.29,0.39,34.37,NVDA,1
2017-11-09,0.24,0.33,40.83,NVDA,1
2017-08-10,0.17,0.23,31.84,NVDA,1
2017-05-09,0.16,0.2,19.86,NVDA,1
2017-02-09,0.21,0.25,19.62,NVDA,1
2016-11-10,0.14,0.21,47.27,NVDA,1
2025-04-11,4.61,4.91,6.42,JPM,1
2025-01-15,4.11,4.81,17.08,JPM,1
2024-10-11,4.01,4.37,9.02,JPM,1
2024-07-12,4.19,4.26,1.75,JPM,1
2024-04-12,4.11,4.44,7.92,JPM,1
2024-01-12,3.32,3.04,-8.5,JPM,0
2023-10-13,3.96,4.5,13.71,JPM,1
2023-07-14,4.0,4.98,24.65,JPM,1
2023-04-14,3.41,4.32,26.64,JPM,1
2023-01-13,3.07,3.56,16.14,JPM,1
2022-10-14,2.88,3.36,16.56,JPM,1
2022-07-14,2.88,2.76,-4.25,JPM,0
2022-04-13,2.69,2.76,2.67,JPM,1
2022-01-14,3.01,3.33,10.57,JPM,1
2021-10-13,3.0,3.74,24.82,JPM,1
2021-07-13,3.21,3.78,17.93,JPM,1
2021-04-14,3.1,4.59,48.22,JPM,1
2021-01-15,2.62,3.79,44.46,JPM,1
2020-10-13,2.23,2.92,31.18,JPM,1
2020-07-14,1.04,1.38,32.51,JPM,1
2020-04-14,1.84,0.78,-57.65,JPM,0
2020-01-14,2.35,2.57,9.32,JPM,1
2019-10-15,2.45,2.68,9.35,JPM,1
2019-07-16,2.5,2.51,0.51,JPM,1
2019-04-12,2.35,2.65,12.64,JPM,1
2019-01-15,2.2,1.98,-10.02,JPM,0
2018-10-12,2.25,2.34,3.9,JPM,1
2018-07-13,2.22,2.29,3.29,JPM,1
2018-04-13,2.28,2.26,-0.94,JPM,0
2018-01-12,1.69,1.76,4.08,JPM,1
2017-10-12,1.65,1.76,6.5,JPM,1
2017-07-14,1.58,1.71,8.02,JPM,1
2017-04-13,1.52,1.65,8.62,JPM,1
2025-04-29,2.68,2.76,2.94,V,1
2025-01-30,2.66,2.75,3.36,V,1
2024-10-29,2.58,2.71,5.0,V,1
2024-07-23,2.42,2.42,0.08,V,0
2024-04-23,2.44,2.51,3.02,V,1
2024-01-25,2.34,2.41,3.14,V,1
2023-10-24,2.24,2.33,3.88,V,1
2023-07-25,2.12,2.16,2.08,V,1
2023-04-25,1.99,2.09,5.21,V,1
2023-01-26,2.01,2.18,8.49,V,1
2022-10-25,1.86,1.93,3.53,V,1
2022-07-26,1.75,1.98,13.38,V,1
2022-04-26,1.65,1.79,8.79,V,1
2022-01-27,1.7,1.81,6.32,V,1
2021-10-26,1.54,1.62,5.05,V,1
2021-07-27,1.35,1.49,10.24,V,1
2021-04-27,1.27,1.38,8.66,V,1
2021-01-28,1.28,1.42,11.21,V,1
2020-10-28,1.09,1.12,2.93,V,1
2020-07-28,1.03,1.07,3.94,V,1
2020-04-30,1.35,1.38,2.49,V,1
2020-01-30,1.46,1.46,-0.22,V,0
2019-10-24,1.43,1.47,3.08,V,1
2019-07-23,1.32,1.37,3.48,V,1
2019-04-24,1.24,1.31,5.74,V,1
2019-01-30,1.25,1.3,3.93,V,1
2018-10-24,1.2,1.21,1.06,V,1
2018-07-25,1.09,1.2,10.45,V,1
2018-04-25,1.02,1.11,9.11,V,1
2018-02-01,0.99,1.08,8.83,V,1
2017-10-25,0.85,0.9,6.13,V,1
2017-07-20,0.81,0.86,6.62,V,1
2017-04-20,0.79,0.86,8.82,V,1
2017-02-02,0.78,0.86,10.05,V,1
2016-10-24,0.73,0.78,7.16,V,1
2016-07-21,0.66,0.69,3.86,V,1
2025-04-17,7.29,7.2,-1.2,UNH,0
2025-01-16,6.72,6.81,1.3,UNH,1
2024-10-15,7.0,7.15,2.13,UNH,1
2024-07-16,6.66,6.8,2.12,UNH,1
2024-04-16,6.61,7.16,8.24,UNH,1
2024-01-12,5.98,6.16,2.98,UNH,1
2023-10-13,6.32,6.56,3.82,UNH,1
2023-07-14,5.99,6.14,2.57,UNH,1
2023-04-14,6.13,6.26,2.18,UNH,1
2023-01-13,5.17,5.34,3.33,UNH,1
2022-10-14,5.42,5.79,6.8,UNH,1
2022-07-15,5.2,5.57,7.13,UNH,1
2022-04-14,5.38,5.49,2.11,UNH,1
2022-01-19,4.31,4.48,4.05,UNH,1
2021-10-14,4.41,4.52,2.49,UNH,1
2021-07-15,4.43,4.7,6.0,UNH,1
2021-04-15,4.38,5.31,21.15,UNH,1
2021-01-20,2.41,2.52,4.45,UNH,1
2020-10-14,3.09,3.51,13.49,UNH,1
2020-07-15,5.28,7.12,34.94,UNH,1
2020-04-15,3.63,3.72,2.6,UNH,1
2020-01-15,3.77,3.9,3.33,UNH,1
2019-10-15,3.75,3.88,3.56,UNH,1
2019-07-18,3.45,3.6,4.27,UNH,1
2019-04-16,3.6,3.73,3.71,UNH,1
2019-01-15,3.21,3.28,2.23,UNH,1
2018-10-16,3.29,3.41,3.57,UNH,1
2018-07-17,3.04,3.14,3.45,UNH,1
2018-04-17,2.89,3.04,5.03,UNH,1
2018-01-16,2.51,2.59,2.99,UNH,1
2017-10-17,2.56,2.66,3.79,UNH,1
2017-07-18,2.38,2.46,3.44,UNH,1
2017-04-18,2.17,2.37,9.32,UNH,1
2017-01-17,2.07,2.11,1.78,UNH,1
2016-10-18,2.08,2.17,4.36,UNH,1
2016-07-19,1.89,1.96,3.87,UNH,1
2025-04-15,2.59,2.77,7.02,JNJ,1
2025-01-22,2.01,2.04,1.69,JNJ,1
2024-10-15,2.21,2.42,9.36,JNJ,1
2024-07-17,2.7,2.82,4.41,JNJ,1
2024-04-16,2.64,2.71,2.76,JNJ,1
2024-01-23,2.28,2.29,0.39,JNJ,1
2023-10-17,2.52,2.66,5.73,JNJ,1
2023-07-20,2.62,2.8,7.02,JNJ,1
2023-04-18,2.5,2.68,7.01,JNJ,1
2023-01-24,2.23,2.35,5.41,JNJ,1
2022-10-18,2.47,2.55,3.16,JNJ,1
2022-07-19,2.54,2.59,2.15,JNJ,1
2022-04-19,2.56,2.67,4.13,JNJ,1
2022-01-25,2.12,2.13,0.6,JNJ,1
2021-10-19,2.35,2.6,10.57,JNJ,1
2021-07-21,2.27,2.48,9.42,JNJ,1
2021-04-20,2.34,2.59,10.82,JNJ,1
2021-01-26,1.82,1.86,2.15,JNJ,1
2020-10-13,1.98,2.2,11.28,JNJ,1
2020-07-16,1.49,1.67,11.72,JNJ,1
2020-04-14,2.0,2.3,15.26,JNJ,1
2020-01-22,1.87,1.88,0.62,JNJ,1
2019-10-15,2.01,2.12,5.51,JNJ,1
2019-07-16,2.46,2.58,5.02,JNJ,1
2019-04-16,2.03,2.1,3.2,JNJ,1
2019-01-22,1.95,1.97,0.93,JNJ,1
2018-10-16,2.03,2.05,1.06,JNJ,1
2018-07-17,2.07,2.1,1.44,JNJ,1
2018-04-17,2.02,2.06,2.07,JNJ,1
2018-01-23,1.72,1.74,0.96,JNJ,1
2017-10-17,1.8,1.9,5.46,JNJ,1
2017-07-18,1.8,1.83,1.94,JNJ,1
2017-04-18,1.77,1.83,3.26,JNJ,1
2017-01-24,1.56,1.58,1.02,JNJ,1
2016-10-18,1.66,1.68,1.39,JNJ,1
2016-07-19,1.68,1.74,3.55,JNJ,1
2025-05-15,0.58,0.61,5.93,WMT,1
2025-02-20,0.64,0.66,2.57,WMT,1
2024-11-19,0.53,0.58,8.82,WMT,1
2024-08-15,0.65,0.67,3.78,WMT,1
2024-05-16,0.52,0.6,14.6,WMT,1
2024-02-20,0.55,0.6,9.41,WMT,1
2023-11-16,1.52,1.53,0.38,WMT,1
2023-08-17,1.71,1.84,7.91,WMT,1
2023-05-18,1.32,1.47,11.43,WMT,1
2023-02-21,1.51,1.71,13.08,WMT,1
2022-11-15,1.32,1.5,13.64,WMT,1
2022-08-16,1.62,1.77,9.16,WMT,1
2022-05-17,1.48,1.3,-12.28,WMT,0
2022-02-17,1.5,1.53,2.13,WMT,1
2021-11-16,1.4,1.45,3.35,WMT,1
2021-08-17,1.57,1.78,13.3,WMT,1
2021-05-18,1.21,1.69,39.27,WMT,1
2021-02-18,1.51,1.46,-3.09,WMT,0
2020-11-17,1.18,1.34,13.19,WMT,1
2020-08-18,1.25,1.56,24.91,WMT,1
2020-05-19,1.12,1.18,5.47,WMT,1
2020-02-18,1.43,1.38,-3.83,WMT,0
2019-11-14,1.09,1.16,6.32,WMT,1
2019-08-15,1.22,1.27,4.15,WMT,1
2019-05-16,1.02,1.13,10.82,WMT,1
2019-02-19,1.33,1.41,5.71,WMT,1
2018-11-15,1.01,1.08,6.69,WMT,1
2018-08-16,1.22,1.29,5.96,WMT,1
2018-05-17,1.12,1.14,1.6,WMT,1
2018-02-20,1.37,1.33,-2.99,WMT,0
2017-11-16,0.97,1.0,2.76,WMT,1
2017-08-17,1.07,1.08,1.25,WMT,1
2017-05-18,0.96,1.0,3.85,WMT,1
2017-02-21,1.29,1.3,0.96,WMT,1
2016-11-17,0.96,0.98,1.89,WMT,1
2016-08-18,1.02,1.07,4.71,WMT,1
2025-04-24,1.53,1.54,0.95,PG,1
2025-01-22,1.86,1.88,1.29,PG,1
2024-10-18,1.9,1.93,1.69,PG,1
2024-07-30,1.37,1.4,2.01,PG,1
2024-04-19,1.41,1.52,7.5,PG,1
2024-01-23,1.7,1.84,8.36,PG,1
2023-10-18,1.72,1.83,6.41,PG,1
2023-07-28,1.32,1.37,3.61,PG,1
2023-04-21,1.32,1.37,3.63,PG,1
2023-01-19,1.59,1.59,0.03,PG,0
2022-10-19,1.54,1.57,1.82,PG,1
2022-07-29,1.22,1.21,-1.0,PG,0
2022-04-20,1.29,1.33,2.79,PG,1
2022-01-19,1.65,1.66,0.4,PG,1
2021-10-19,1.59,1.61,1.22,PG,1
2021-07-30,1.08,1.13,4.29,PG,1
2021-04-20,1.19,1.26,6.11,PG,1
2021-01-20,1.51,1.64,8.69,PG,1
2020-10-20,1.42,1.63,14.94,PG,1
2020-07-30,1.01,1.16,14.73,PG,1
2020-04-17,1.13,1.17,3.38,PG,1
2020-01-23,1.37,1.42,3.55,PG,1
2019-10-22,1.24,1.37,10.28,PG,1
2019-07-30,1.05,1.1,4.56,PG,1
2019-04-23,1.03,1.06,2.6,PG,1
2019-01-23,1.21,1.25,3.34,PG,1
2018-10-19,1.09,1.12,2.54,PG,1
2018-07-31,0.9,0.94,4.45,PG,1
2018-04-19,0.98,1.0,1.75,PG,1
2018-01-23,1.14,1.19,4.2,PG,1
2017-10-20,1.08,1.09,1.27,PG,1
2017-07-27,0.78,0.85,8.61,PG,1
2017-04-26,0.94,0.96,2.18,PG,1
2017-01-20,1.06,1.08,1.59,PG,1
2016-10-25,0.98,1.03,5.41,PG,1
2016-08-02,0.74,0.79,6.18,PG,1
2025-05-01,3.57,3.73,4.45,MA,1
2025-01-30,3.69,3.82,3.4,MA,1
2024-10-31,3.74,3.89,3.99,MA,1
2024-07-31,3.51,3.59,2.16,MA,1
2024-05-01,3.24,3.31,2.27,MA,1
2024-01-31,3.08,3.18,3.13,MA,1
2023-10-26,3.21,3.39,5.66,MA,1
2023-07-27,2.82,2.89,2.3,MA,1
2023-04-27,2.72,2.8,3.1,MA,1
2023-01-26,2.58,2.65,2.84,MA,1
2022-10-27,2.56,2.68,4.53,MA,1
2022-07-28,2.36,2.56,8.57,MA,1
2022-04-28,2.17,2.76,27.35,MA,1
2022-01-27,2.21,2.35,6.37,MA,1
2021-10-28,2.19,2.37,8.01,MA,1
2021-07-29,1.75,1.95,11.63,MA,1
2021-04-29,1.57,1.74,10.78,MA,1
2021-01-28,1.51,1.64,8.55,MA,1
2020-10-28,1.66,1.6,-3.39,MA,0
2020-07-30,1.16,1.36,16.94,MA,1
2020-04-29,1.73,1.83,5.92,MA,1
2020-01-29,1.87,1.96,4.61,MA,1
2019-10-29,2.01,2.15,6.8,MA,1
2019-07-30,1.83,1.89,3.56,MA,1
2019-04-30,1.66,1.78,7.31,MA,1
2019-01-31,1.52,1.55,1.98,MA,1
2018-10-30,1.68,1.78,5.86,MA,1
2018-07-26,1.53,1.66,8.57,MA,1
2018-05-02,1.25,1.5,19.99,MA,1
2018-02-01,1.12,1.14,1.89,MA,1
2017-10-31,1.23,1.34,8.83,MA,1
2017-07-27,1.04,1.1,5.42,MA,1
2017-05-02,0.95,1.01,6.71,MA,1
2017-01-31,0.85,0.86,0.68,MA,1
2016-10-28,0.98,1.08,10.2,MA,1
2016-07-28,0.9,0.96,6.47,MA,1
2025-05-20,3.6,3.56,-1.0,HD,0
2025-02-25,3.01,3.02,0.38,HD,1
2024-11-12,3.64,3.67,0.81,HD,1
2024-08-13,4.49,4.6,2.36,HD,1
2024-05-14,3.6,3.63,0.85,HD,1
2024-02-20,2.77,2.82,1.95,HD,1
2023-11-14,3.76,3.81,1.28,HD,1
2023-08-15,4.45,4.65,4.61,HD,1
2023-05-16,3.8,3.82,0.63,HD,1
2023-02-21,3.28,3.3,0.73,HD,1
2022-11-15,4.12,4.24,2.96,HD,1
2022-08-16,4.94,5.05,2.14,HD,1
2022-05-17,3.68,4.09,11.25,HD,1
2022-02-22,3.18,3.21,0.99,HD,1
2021-11-16,3.4,3.92,15.25,HD,1
2021-08-17,4.44,4.53,1.92,HD,1
2021-05-18,3.08,3.86,25.38,HD,1
2021-02-23,2.62,2.65,1.27,HD,1
2020-11-17,3.06,3.18,3.81,HD,1
2020-08-18,3.71,4.02,8.29,HD,1
2020-05-19,2.27,2.08,-8.21,HD,0
2020-02-25,2.1,2.28,8.34,HD,1
2019-11-19,2.52,2.53,0.21,HD,1
2019-08-20,3.08,3.17,2.94,HD,1
2019-05-21,2.18,2.27,4.15,HD,1
2019-02-26,2.16,2.25,4.07,HD,1
2018-11-13,2.26,2.51,11.0,HD,1
2018-08-14,2.84,3.05,7.37,HD,1
2018-05-15,2.05,2.08,1.49,HD,1
2018-02-20,1.61,1.69,5.12,HD,1
2017-11-14,1.82,1.87,2.62,HD,1
2017-08-15,2.22,2.25,1.54,HD,1
2017-05-16,1.62,1.67,3.24,HD,1
2017-02-21,1.34,1.44,7.8,HD,1
2016-11-15,1.58,1.6,1.34,HD,1
2016-08-16,1.97,1.97,-0.07,HD,0
2025-05-02,1.73,1.76,1.85,XOM,1
2025-01-31,1.56,1.67,6.89,XOM,1
2024-11-01,1.88,1.92,2.33,XOM,1
2024-08-02,2.01,2.14,6.6,XOM,1
2024-04-26,2.2,2.06,-6.47,XOM,0
2024-02-02,2.21,2.48,12.02,XOM,1
2023-10-27,2.37,2.27,-4.35,XOM,0
2023-07-28,2.01,1.94,-3.69,XOM,0
2023-04-28,2.59,2.83,9.43,XOM,1
2023-01-31,3.29,3.4,3.19,XOM,1
2022-10-28,3.79,4.45,17.33,XOM,1
2022-07-29,3.74,4.14,10.77,XOM,1
2022-04-29,2.12,2.07,-2.47,XOM,0
2022-02-01,1.94,2.05,5.8,XOM,1
2021-10-29,1.56,1.58,1.37,XOM,1
2021-07-30,0.99,1.1,10.93,XOM,1
2021-04-30,0.59,0.65,10.89,XOM,1
2021-02-02,0.01,0.03,146.51,XOM,1
2020-10-30,-0.25,-0.18,28.9,XOM,1
2020-07-31,-0.61,-0.7,-14.35,XOM,0
2020-01-31,0.43,0.41,-5.2,XOM,0
2019-11-01,0.67,0.75,12.3,XOM,1
2019-08-02,0.66,0.73,10.43,XOM,1
2019-04-26,0.7,0.55,-21.49,XOM,0
2019-02-01,1.08,1.41,30.9,XOM,1
2018-11-02,1.23,1.46,18.35,XOM,1
2018-07-27,1.27,0.92,-27.55,XOM,0
2018-04-27,1.12,1.09,-2.85,XOM,0
2018-02-02,1.04,0.88,-15.11,XOM,0
2017-10-27,0.86,0.97,12.71,XOM,1
2017-07-28,0.84,0.78,-6.73,XOM,0
2017-04-28,0.85,0.95,11.9,XOM,1
2017-01-31,0.7,0.9,27.81,XOM,1
2016-10-28,0.58,0.63,8.28,XOM,1
2016-07-29,0.64,0.41,-35.98,XOM,0
2025-04-15,0.82,0.9,9.92,BAC,1
2025-01-16,0.77,0.82,6.46,BAC,1
2024-10-15,0.77,0.81,5.53,BAC,1
2024-07-16,0.8,0.83,4.18,BAC,1
2024-04-16,0.76,0.83,9.7,BAC,1
2024-01-12,0.68,0.7,2.62,BAC,1
2023-10-17,0.82,0.9,10.0,BAC,1
2023-07-18,0.84,0.88,4.64,BAC,1
2023-04-18,0.82,0.94,15.12,BAC,1
2023-01-13,0.77,0.85,10.73,BAC,1
2022-10-17,0.77,0.81,4.82,BAC,1
2022-07-18,0.75,0.78,4.47,BAC,1
2022-04-18,0.75,0.8,6.88,BAC,1
2022-01-19,0.76,0.82,7.84,BAC,1
2021-10-14,0.71,0.85,19.73,BAC,1
2021-07-14,0.77,0.8,3.95,BAC,1
2021-04-15,0.66,0.86,30.64,BAC,1
2021-01-19,0.55,0.59,7.8,BAC,1
2020-10-14,0.49,0.51,3.45,BAC,1
2020-07-16,0.27,0.37,38.65,BAC,1
2020-04-15,0.46,0.37,-19.73,BAC,0
2020-01-15,0.68,0.75,9.72,BAC,1
2019-10-16,0.51,0.56,10.58,BAC,1
2019-07-17,0.71,0.75,6.03,BAC,1
2019-04-16,0.66,0.71,8.34,BAC,1
2019-01-16,0.63,0.7,10.94,BAC,1
2018-10-15,0.62,0.67,8.03,BAC,1
2018-07-16,0.57,0.64,12.19,BAC,1
2018-04-16,0.59,0.62,4.67,BAC,1
2018-01-17,0.44,0.48,9.49,BAC,1
2017-10-13,0.45,0.48,5.76,BAC,1
2017-07-18,0.43,0.46,7.21,BAC,1
2017-04-18,0.35,0.41,18.21,BAC,1
2017-01-13,0.38,0.41,9.07,BAC,1
2025-05-07,1.2,1.45,20.94,DIS,1
2025-02-05,1.45,1.76,21.47,DIS,1
2024-11-14,1.1,1.14,3.48,DIS,1
2024-08-07,1.19,1.39,16.48,DIS,1
2024-05-07,1.1,1.21,10.18,DIS,1
2024-02-07,0.99,1.22,23.56,DIS,1
2023-11-08,0.7,0.82,17.36,DIS,1
2023-08-09,0.95,1.03,8.08,DIS,1
2023-05-10,0.93,0.93,-0.07,DIS,0
2023-02-08,0.78,0.99,26.18,DIS,1
2022-11-08,0.55,0.3,-45.32,DIS,0
2022-08-10,0.96,1.09,13.15,DIS,1
2022-05-11,1.19,1.08,-8.98,DIS,0
2022-02-09,0.63,1.06,68.52,DIS,1
2021-11-10,0.51,0.37,-27.28,DIS,0
2021-08-12,0.55,0.8,46.58,DIS,1
2021-05-13,0.27,0.79,189.84,DIS,1
2021-02-11,-0.41,0.32,177.77,DIS,1
2020-11-12,-0.7,-0.2,71.4,DIS,1
2020-08-04,-0.64,0.08,112.47,DIS,1
2020-05-05,0.89,0.6,-32.21,DIS,0
2020-02-04,1.44,1.53,6.15,DIS,1
2019-11-07,0.95,1.07,12.95,DIS,1
2019-08-06,1.75,1.35,-22.81,DIS,0
2019-05-08,1.58,1.61,1.79,DIS,1
2019-02-05,1.55,1.84,18.98,DIS,1
2018-11-08,1.34,1.48,10.78,DIS,1
2018-08-07,1.95,1.87,-4.14,DIS,0
2018-05-08,1.7,1.84,8.54,DIS,1
2018-02-06,1.61,1.89,17.55,DIS,1
2017-11-09,1.13,1.07,-4.97,DIS,0
2017-08-08,1.55,1.58,1.7,DIS,1
2017-05-09,1.41,1.5,6.25,DIS,1
2017-02-07,1.49,1.55,3.98,DIS,1
2016-11-10,1.16,1.1,-4.8,DIS,0
2016-08-09,1.61,1.62,0.76,DIS,1
2025-04-29,0.66,0.92,38.83,PFE,1
2025-02-04,0.47,0.63,33.84,PFE,1
2024-10-29,0.62,1.06,71.39,PFE,1
2024-07-30,0.46,0.6,31.58,PFE,1
2024-05-01,0.52,0.82,56.58,PFE,1
2024-01-30,-0.22,0.1,145.84,PFE,1
2023-10-31,-0.34,-0.17,49.39,PFE,1
2023-08-01,0.57,0.67,18.02,PFE,1
2023-05-02,0.98,1.23,25.81,PFE,1
2023-01-31,1.05,1.14,8.78,PFE,1
2022-11-01,1.39,1.78,28.3,PFE,1
2022-07-28,1.78,2.04,14.51,PFE,1
2022-05-03,1.47,1.67,13.33,PFE,1
2022-02-08,0.87,1.08,24.74,PFE,1
2021-11-02,1.09,1.34,23.34,PFE,1
2021-07-28,0.97,1.07,10.25,PFE,1
2021-05-04,0.77,0.93,20.3,PFE,1
2021-02-02,0.48,0.42,-12.99,PFE,0
2020-10-27,0.71,0.72,0.85,PFE,1
2020-07-28,0.66,0.78,17.58,PFE,1
2020-04-28,0.73,0.8,8.93,PFE,1
2020-01-28,0.58,0.55,-4.39,PFE,0
2019-10-29,0.62,0.75,21.32,PFE,1
2019-07-29,0.75,0.8,6.3,PFE,1
2019-04-30,0.75,0.85,13.14,PFE,1
2019-01-29,0.63,0.64,1.19,PFE,1
2018-10-30,0.75,0.78,4.52,PFE,1
2018-07-31,0.74,0.81,8.84,PFE,1
2018-05-01,0.74,0.77,3.39,PFE,1
2018-01-30,0.56,0.62,10.37,PFE,1
2017-10-31,0.64,0.67,3.9,PFE,1
2017-08-01,0.66,0.67,1.89,PFE,1
2017-05-02,0.67,0.69,2.73,PFE,1
2017-01-31,0.5,0.47,-6.08,PFE,0
2016-11-01,0.62,0.61,-1.06,PFE,0
2016-08-02,0.62,0.64,2.62,PFE,1
2025-04-29,0.71,0.73,2.28,KO,1
2025-02-11,0.52,0.55,6.6,KO,1
2024-10-23,0.74,0.77,3.44,KO,1
2024-07-23,0.81,0.84,4.27,KO,1
2024-04-30,0.7,0.72,3.29,KO,1
2024-02-13,0.49,0.49,0.4,KO,0
2023-10-24,0.69,0.74,6.62,KO,1
2023-07-26,0.72,0.78,8.03,KO,1
2023-04-24,0.65,0.68,5.43,KO,1
2023-02-14,0.45,0.45,0.4,KO,0
2022-10-25,0.64,0.69,8.34,KO,1
2022-07-26,0.67,0.7,4.7,KO,1
2022-04-25,0.58,0.64,10.38,KO,1
2022-02-10,0.41,0.45,9.4,KO,1
2021-10-27,0.58,0.65,12.41,KO,1
2021-07-21,0.56,0.68,20.83,KO,1
2021-04-19,0.5,0.55,9.1,KO,1
2021-02-10,0.42,0.47,12.43,KO,1
2020-10-22,0.46,0.55,18.82,KO,1
2020-07-21,0.4,0.42,4.97,KO,1
2020-04-21,0.44,0.51,14.93,KO,1
2020-01-30,0.44,0.44,0.66,KO,0
2019-10-18,0.56,0.56,-0.52,KO,0
2019-07-23,0.61,0.63,2.6,KO,1
2019-04-23,0.46,0.48,3.78,KO,1
2019-02-14,0.43,0.43,0.42,KO,0
2018-10-30,0.55,0.58,5.32,KO,1
2018-07-25,0.6,0.61,1.47,KO,1
2018-04-24,0.46,0.47,2.75,KO,1
2018-02-16,0.38,0.39,1.35,KO,1
2017-10-25,0.49,0.5,2.56,KO,1
2017-07-26,0.57,0.59,2.69,KO,1
2017-04-25,0.44,0.43,-1.5,KO,0
2017-02-09,0.37,0.37,1.06,KO,0
2016-10-26,0.48,0.49,1.57,KO,1
2016-07-27,0.58,0.6,2.76,KO,1
2025-05-14,0.92,0.96,4.57,CSCO,1
2025-02-12,0.91,0.94,3.4,CSCO,1
2024-11-13,0.87,0.91,4.52,CSCO,1
2024-08-14,0.85,0.87,2.59,CSCO,1
2024-05-15,0.82,0.88,6.74,CSCO,1
2024-02-14,0.84,0.87,3.92,CSCO,1
2023-11-15,1.03,1.11,7.68,CSCO,1
2023-08-16,1.06,1.14,7.66,CSCO,1
2023-05-17,0.97,1.0,2.87,CSCO,1
2023-02-15,0.86,0.88,2.91,CSCO,1
2022-11-16,0.84,0.86,2.81,CSCO,1
2022-08-17,0.82,0.83,1.7,CSCO,1
2022-05-18,0.86,0.87,0.86,CSCO,1
2022-02-16,0.81,0.84,3.92,CSCO,1
2021-11-17,0.8,0.82,1.97,CSCO,1
2021-08-18,0.82,0.84,1.82,CSCO,1
2021-05-19,0.82,0.83,1.22,CSCO,1
2021-02-08,0.76,0.79,4.48,CSCO,1
2020-11-12,0.7,0.76,7.91,CSCO,1
2020-08-12,0.74,0.8,8.46,CSCO,1
2020-05-13,0.69,0.79,14.23,CSCO,1
2020-02-12,0.76,0.77,1.49,CSCO,1
2019-11-13,0.81,0.84,4.05,CSCO,1
2019-08-14,0.82,0.83,1.76,CSCO,1
2019-05-15,0.77,0.78,0.73,CSCO,1
2019-02-13,0.72,0.73,1.09,CSCO,1
2018-11-14,0.72,0.75,4.57,CSCO,1
2018-08-15,0.69,0.7,1.95,CSCO,1
2018-05-16,0.65,0.66,1.31,CSCO,1
2018-02-14,0.59,0.63,6.64,CSCO,1
2017-11-15,0.6,0.61,1.65,CSCO,1
2017-08-16,0.61,0.61,0.64,CSCO,0
2017-05-17,0.58,0.6,3.79,CSCO,1
2017-02-15,0.56,0.57,1.49,CSCO,1
2016-11-16,0.59,0.61,3.04,CSCO,1
2016-08-17,0.6,0.63,5.02,CSCO,1
2025-05-02,2.18,2.18,-0.21,CVX,0
2025-01-31,2.11,2.06,-2.45,CVX,0
2024-11-01,2.42,2.51,3.66,CVX,1
2024-08-02,2.93,2.55,-13.0,CVX,0
2024-04-26,2.87,2.93,1.98,CVX,1
2024-02-02,3.21,3.45,7.61,CVX,1
2023-10-27,3.75,3.05,-18.71,CVX,0
2023-07-23,2.97,3.08,3.6,CVX,1
2023-04-28,3.41,3.55,4.19,CVX,1
2023-01-27,4.38,4.09,-6.65,CVX,0
2022-10-28,4.81,5.56,15.51,CVX,1
2022-07-29,5.1,5.82,14.08,CVX,1
2022-04-29,3.27,3.36,2.65,CVX,1
2022-01-28,3.12,2.56,-17.94,CVX,0
2021-10-29,2.21,2.96,34.07,CVX,1
2021-07-30,1.59,1.71,7.84,CVX,1
2021-04-30,0.9,0.9,-0.14,CVX,0
2021-01-29,0.07,-0.01,-113.96,CVX,0
2020-10-30,-0.26,0.11,141.87,CVX,1
2020-07-31,-0.88,-1.59,-80.05,CVX,0
2020-05-01,0.68,1.29,89.24,CVX,1
2020-01-31,1.45,1.49,2.9,CVX,1
2019-11-01,1.45,1.55,6.81,CVX,1
2019-08-02,1.8,1.77,-1.89,CVX,0
2019-04-26,1.3,1.39,6.6,CVX,1
2019-02-01,1.87,1.95,4.11,CVX,1
2018-11-02,2.06,2.11,2.21,CVX,1
2018-07-27,2.09,1.78,-14.81,CVX,0
2018-04-27,1.48,1.9,28.24,CVX,1
2018-02-02,1.22,0.72,-40.96,CVX,0
2017-10-27,0.98,0.85,-12.85,CVX,0
2017-07-28,0.86,0.91,5.84,CVX,1
2017-04-28,0.85,1.23,43.93,CVX,1
2017-01-27,0.64,0.21,-67.1,CVX,0
2016-10-28,0.37,0.49,31.14,CVX,1
2016-07-29,0.32,0.35,8.71,CVX,1
2025-03-10,1.49,1.47,-1.52,ORCL,0
2024-12-09,1.48,1.47,-0.71,ORCL,0
2024-09-09,1.32,1.39,4.92,ORCL,1
2024-06-11,1.65,1.63,-1.03,ORCL,0
2024-03-11,1.38,1.41,2.51,ORCL,1
2023-12-11,1.32,1.34,1.24,ORCL,1
2023-09-11,1.15,1.19,3.82,ORCL,1
2023-06-12,1.58,1.67,5.52,ORCL,1
2023-03-09,1.2,1.22,1.5,ORCL,1
2022-12-12,1.18,1.21,2.68,ORCL,1
2022-09-12,1.07,1.03,-3.9,ORCL,0
2022-06-13,1.37,1.54,12.34,ORCL,1
2022-03-10,1.18,1.13,-3.87,ORCL,0
2021-12-09,1.11,1.21,8.77,ORCL,1
2021-09-13,0.97,1.03,6.27,ORCL,1
2021-06-15,1.31,1.54,17.43,ORCL,1
2021-03-10,1.11,1.16,4.55,ORCL,1
2020-12-10,1.0,1.06,6.19,ORCL,1
2020-09-10,0.86,0.93,7.92,ORCL,1
2020-06-16,1.15,1.2,4.28,ORCL,1
2020-03-12,0.96,0.97,1.15,ORCL,1
2019-12-12,0.88,0.9,1.71,ORCL,1
2019-09-11,0.81,0.81,0.42,ORCL,0
2019-06-19,1.07,1.16,8.07,ORCL,1
2019-03-14,0.84,0.87,3.49,ORCL,1
2018-12-17,0.78,0.8,2.33,ORCL,1
2018-09-17,0.69,0.71,3.53,ORCL,1
2018-06-19,0.94,0.99,5.28,ORCL,1
2018-03-19,0.72,0.83,14.73,ORCL,1
2017-12-14,0.68,0.7,2.72,ORCL,1
2017-09-14,0.6,0.62,2.64,ORCL,1
2017-06-21,0.78,0.89,13.56,ORCL,1
2017-03-15,0.62,0.69,11.7,ORCL,1
2016-12-15,0.6,0.61,1.67,ORCL,1
2016-09-15,0.58,0.55,-4.97,ORCL,0
2016-06-16,0.81,0.81,-0.59,ORCL,0
2025-03-20,0.29,0.54,85.38,NKE,1
2024-12-19,0.63,0.78,23.1,NKE,1
2024-10-01,0.52,0.7,34.61,NKE,1
2024-06-27,0.83,1.01,21.18,NKE,1
2024-03-21,0.74,0.98,33.15,NKE,1
2023-12-21,0.85,1.03,21.75,NKE,1
2023-09-28,0.75,0.94,26.15,NKE,1
2023-06-29,0.67,0.66,-1.45,NKE,0
2023-03-21,0.55,0.79,44.16,NKE,1
2022-12-20,0.64,0.85,32.04,NKE,1
2022-09-29,0.92,0.93,1.04,NKE,1
2022-06-27,0.81,0.9,11.79,NKE,1
2022-03-21,0.71,0.87,22.25,NKE,1
2021-12-20,0.63,0.83,31.89,NKE,1
2021-09-23,1.11,1.16,4.12,NKE,1
2021-06-24,0.51,0.93,82.68,NKE,1
2021-03-18,0.76,0.9,18.1,NKE,1
2020-12-18,0.62,0.78,25.14,NKE,1
2020-09-22,0.47,0.95,102.48,NKE,1
2020-06-25,0.07,-0.51,-865.42,NKE,0
2020-03-24,0.59,0.78,32.24,NKE,1
2019-12-19,0.58,0.7,20.66,NKE,1
2019-09-24,0.7,0.86,22.76,NKE,1
2019-06-27,0.66,0.62,-5.93,NKE,0
2019-03-21,0.65,0.68,5.13,NKE,1
2018-12-20,0.46,0.52,12.99,NKE,1
2018-09-25,0.63,0.67,6.99,NKE,1
2018-06-28,0.64,0.69,7.7,NKE,1
2018-03-22,0.53,0.68,28.4,NKE,1
2017-12-21,0.4,0.46,13.95,NKE,1
2017-09-26,0.48,0.57,18.83,NKE,1
2017-06-29,0.5,0.6,19.87,NKE,1
2017-03-21,0.53,0.68,29.16,NKE,1
2016-12-20,0.43,0.5,16.1,NKE,1
2016-09-27,0.56,0.73,30.61,NKE,1
2016-06-28,0.48,0.49,2.07,NKE,1
2025-04-24,2.14,2.22,3.96,MRK,1
2025-02-04,1.62,1.72,6.5,MRK,1
2024-10-31,1.5,1.57,4.39,MRK,1
2024-07-30,2.15,2.28,5.83,MRK,1
2024-04-25,1.88,2.07,10.4,MRK,1
2024-02-01,-0.11,0.03,127.48,MRK,1
2023-10-26,1.95,2.13,9.17,MRK,1
2023-08-01,-2.18,-2.06,5.39,MRK,1
2023-04-27,1.32,1.4,5.94,MRK,1
2023-02-02,1.54,1.62,5.34,MRK,1
2022-10-27,1.71,1.85,8.44,MRK,1
2022-07-28,1.7,1.87,9.77,MRK,1
2022-04-28,1.83,2.14,16.76,MRK,1
2022-02-03,1.53,1.8,17.95,MRK,1
2021-10-28,1.55,1.75,13.22,MRK,1
2021-07-29,1.31,1.31,0.06,MRK,0
2021-04-29,1.63,1.4,-13.88,MRK,0
2021-02-04,1.38,1.32,-4.25,MRK,0
2020-10-27,1.44,1.74,20.85,MRK,1
2020-07-31,1.04,1.37,31.59,MRK,1
2020-04-28,1.34,1.5,11.79,MRK,1
2020-02-05,1.15,1.16,0.95,MRK,1
2019-10-29,1.24,1.51,21.61,MRK,1
2019-07-30,1.16,1.3,12.23,MRK,1
2019-04-30,1.06,1.22,15.1,MRK,1
2019-02-01,1.03,1.04,0.61,MRK,1
2018-10-25,1.14,1.19,4.35,MRK,1
2018-07-27,1.03,1.06,2.87,MRK,1
2018-05-01,1.0,1.05,5.07,MRK,1
2018-02-02,0.94,0.98,4.79,MRK,1
2017-10-27,1.03,1.11,7.56,MRK,1
2017-07-28,0.87,1.01,15.5,MRK,1
2017-05-02,0.83,0.88,5.88,MRK,1
2017-02-02,0.89,0.89,0.14,MRK,0
2025-04-16,1.07,1.09,1.74,ABT,1
2025-01-22,1.34,1.34,-0.15,ABT,0
2024-10-16,1.2,1.21,0.66,ABT,1
2024-07-18,1.1,1.14,3.24,ABT,1
2024-04-17,0.95,0.98,2.63,ABT,1
2024-01-24,1.19,1.19,0.1,ABT,0
2023-10-18,1.1,1.14,3.85,ABT,1
2023-07-20,1.05,1.08,2.89,ABT,1
2023-04-19,0.99,1.03,4.27,ABT,1
2023-01-25,0.92,1.03,12.23,ABT,1
2022-10-19,0.94,1.15,21.81,ABT,1
2022-07-20,1.13,1.43,26.85,ABT,1
2022-04-20,1.47,1.73,18.08,ABT,1
2022-01-26,1.21,1.32,9.45,ABT,1
2021-10-20,0.95,1.4,48.12,ABT,1
2021-07-22,1.02,1.17,14.97,ABT,1
2021-04-20,1.27,1.32,3.62,ABT,1
2021-01-27,1.35,1.45,7.2,ABT,1
2020-10-21,0.91,0.98,7.95,ABT,1
2020-07-16,0.42,0.57,34.56,ABT,1
2020-04-16,0.58,0.65,11.67,ABT,1
2020-01-22,0.95,0.95,0.42,ABT,0
2019-10-16,0.84,0.84,-0.17,ABT,0
2019-07-17,0.8,0.82,2.22,ABT,1
2019-04-17,0.61,0.63,2.82,ABT,1
2019-01-23,0.81,0.81,0.02,ABT,0
2018-10-17,0.75,0.75,0.57,ABT,0
2018-07-18,0.71,0.73,2.86,ABT,1
2018-04-18,0.58,0.59,1.7,ABT,1
2018-01-24,0.73,0.74,1.07,ABT,1
2017-10-18,0.65,0.66,1.14,ABT,1
2017-07-20,0.61,0.62,2.48,ABT,1
2017-04-19,0.43,0.48,11.63,ABT,1
2017-01-25,0.65,0.65,0.66,ABT,0
2016-10-19,0.58,0.59,1.49,ABT,1
2016-07-20,0.53,0.55,3.19,ABT,1
2025-04-23,5.1,5.15,0.93,TMO,1
2025-01-30,5.94,6.1,2.7,TMO,1
2024-10-23,5.25,5.28,0.66,TMO,1
2024-07-24,5.12,5.37,4.78,TMO,1
2024-04-24,4.71,5.11,8.5,TMO,1
2024-01-31,5.64,5.67,0.46,TMO,1
2023-10-25,5.61,5.69,1.43,TMO,1
2023-07-26,5.43,5.15,-5.08,TMO,0
2023-04-26,5.03,5.03,0.07,TMO,0
2023-02-01,5.2,5.4,3.93,TMO,1
2022-10-26,4.81,5.08,5.57,TMO,1
2022-07-28,4.99,5.51,10.48,TMO,1
2022-04-28,6.18,7.25,17.3,TMO,1
2022-02-02,5.27,6.54,24.05,TMO,1
2021-10-27,4.67,5.76,23.34,TMO,1
2021-07-28,5.44,5.6,2.93,TMO,1
2021-04-29,6.65,7.21,8.48,TMO,1
2021-02-01,6.56,7.09,8.06,TMO,1
2020-10-21,4.31,5.63,30.53,TMO,1
2020-07-22,3.42,3.89,13.91,TMO,1
2020-04-22,2.79,2.94,5.2,TMO,1
2020-01-30,3.54,3.55,0.33,TMO,1
2019-10-23,2.87,2.94,2.38,TMO,1
2019-07-24,3.0,3.04,1.44,TMO,1
2019-04-24,2.73,2.81,2.91,TMO,1
2019-01-30,3.18,3.25,2.13,TMO,1
2018-10-24,2.55,2.62,2.83,TMO,1
2018-07-25,2.62,2.75,4.86,TMO,1
2018-04-25,2.4,2.5,4.1,TMO,1
2018-01-31,2.66,2.79,4.72,TMO,1
2017-10-25,2.25,2.31,2.84,TMO,1
2017-07-26,2.27,2.3,1.55,TMO,1
2017-04-26,2.02,2.08,2.84,TMO,1
2017-01-31,2.38,2.41,1.4,TMO,1
2016-10-27,1.97,2.03,2.95,TMO,1
2016-07-28,2.01,2.03,1.05,TMO,1
2025-05-01,2.66,2.67,0.46,MCD,1
2025-02-10,2.83,2.83,-0.15,MCD,0
2024-10-29,3.2,3.23,0.85,MCD,1
2024-07-29,3.07,2.97,-3.28,MCD,0
2024-04-30,2.72,2.7,-0.6,MCD,0
2024-02-05,2.82,2.95,4.49,MCD,1
2023-10-30,3.0,3.19,6.23,MCD,1
2023-07-27,2.79,3.17,13.78,MCD,1
2023-04-25,2.33,2.63,12.8,MCD,1
2023-01-31,2.45,2.59,5.52,MCD,1
2022-10-27,2.58,2.68,4.0,MCD,1
2022-07-26,2.47,2.55,3.27,MCD,1
2022-04-28,2.17,2.28,5.14,MCD,1
2022-01-27,2.34,2.23,-4.54,MCD,0
2021-10-27,2.46,2.76,12.16,MCD,1
2021-07-28,2.11,2.37,12.41,MCD,1
2021-04-29,1.81,1.92,5.95,MCD,1
2021-01-28,1.78,1.7,-4.41,MCD,0
2020-11-09,1.9,2.22,16.76,MCD,1
2020-07-28,0.74,0.66,-11.41,MCD,0
2020-04-30,1.57,1.47,-6.11,MCD,0
2020-01-29,1.96,1.97,0.52,MCD,1
2019-10-22,2.21,2.11,-4.48,MCD,0
2019-07-26,2.05,2.05,-0.07,MCD,0
2019-04-30,1.75,1.78,1.56,MCD,1
2019-01-30,1.89,1.97,4.35,MCD,1
2018-10-23,1.99,2.1,5.35,MCD,1
2018-07-26,1.92,1.99,3.54,MCD,1
2018-04-30,1.67,1.79,7.11,MCD,1
2018-01-30,1.59,1.71,7.76,MCD,1
2017-10-24,1.77,1.76,-0.56,MCD,0
2017-07-25,1.62,1.73,6.98,MCD,1
2017-04-25,1.33,1.47,10.16,MCD,1
2017-01-23,1.41,1.43,1.27,MCD,1
2016-10-21,1.48,1.62,9.13,MCD,1
2016-07-26,1.38,1.45,4.74,MCD,1
2025-04-22,1.64,1.88,14.43,DHR,1
2025-01-29,2.16,2.14,-0.95,DHR,0
2024-10-22,1.57,1.71,9.02,DHR,1
2024-07-23,1.57,1.72,9.31,DHR,1
2024-04-23,1.71,1.92,12.29,DHR,1
2024-01-30,1.91,2.09,9.61,DHR,1
2023-10-24,1.87,2.02,8.28,DHR,1
2023-07-25,2.01,2.05,2.19,DHR,1
2023-04-25,2.25,2.36,4.89,DHR,1
2023-01-24,2.54,2.87,12.78,DHR,1
2022-10-20,2.26,2.56,13.25,DHR,1
2022-07-21,2.35,2.76,17.47,DHR,1
2022-04-21,2.66,2.76,3.67,DHR,1
2022-01-27,2.54,2.69,5.89,DHR,1
2021-10-21,2.15,2.39,11.0,DHR,1
2021-07-22,2.05,2.46,19.87,DHR,1
2021-04-22,1.75,2.52,44.29,DHR,1
2021-01-28,1.87,2.08,11.18,DHR,1
2020-10-22,1.36,1.72,26.16,DHR,1
2020-07-23,1.09,1.44,31.91,DHR,1
2020-05-06,1.02,1.05,2.89,DHR,1
2020-01-30,1.25,1.28,2.27,DHR,1
2019-10-24,1.15,1.16,1.0,DHR,1
2019-07-18,1.16,1.19,2.86,DHR,1
2019-04-18,1.02,1.07,5.38,DHR,1
2019-01-29,1.27,1.28,0.65,DHR,1
2018-10-18,1.08,1.1,2.32,DHR,1
2018-07-19,1.09,1.15,5.81,DHR,1
2018-04-19,0.94,0.99,5.73,DHR,1
2018-01-30,1.16,1.19,2.74,DHR,1
2017-10-19,0.95,1.0,4.89,DHR,1
2017-07-20,0.97,0.99,2.2,DHR,1
2017-04-20,0.84,0.85,0.85,DHR,1
2017-01-31,1.03,1.05,1.92,DHR,1
2016-10-20,0.82,0.87,5.47,DHR,1
2016-07-25,1.22,1.25,2.08,DHR,1
2025-04-24,0.98,1.09,10.84,CMCSA,1
2025-01-30,0.86,0.96,11.44,CMCSA,1
2024-10-31,1.06,1.12,5.66,CMCSA,1
2024-07-23,1.12,1.21,8.44,CMCSA,1
2024-04-25,0.99,1.04,5.23,CMCSA,1
2024-01-25,0.79,0.84,5.87,CMCSA,1
2023-10-26,0.95,1.08,13.82,CMCSA,1
2023-07-27,0.97,1.13,16.27,CMCSA,1
2023-04-27,0.82,0.92,12.19,CMCSA,1
2023-01-26,0.77,0.82,6.37,CMCSA,1
2022-10-27,0.9,0.96,6.76,CMCSA,1
2022-07-28,0.92,1.01,10.33,CMCSA,1
2022-04-28,0.8,0.86,6.93,CMCSA,1
2022-01-27,0.73,0.77,4.93,CMCSA,1
2021-10-28,0.75,0.87,15.89,CMCSA,1
2021-07-29,0.67,0.84,26.03,CMCSA,1
2021-04-29,0.59,0.76,29.62,CMCSA,1
2021-01-28,0.48,0.56,16.25,CMCSA,1
2020-10-29,0.52,0.65,25.66,CMCSA,1
2020-07-30,0.55,0.69,24.7,CMCSA,1
2020-04-30,0.68,0.71,4.82,CMCSA,1
2020-01-23,0.76,0.79,3.68,CMCSA,1
2019-10-24,0.75,0.79,5.88,CMCSA,1
2019-07-25,0.75,0.78,3.65,CMCSA,1
2019-04-25,0.68,0.76,11.72,CMCSA,1
2019-01-23,0.62,0.64,2.62,CMCSA,1
2018-10-25,0.61,0.65,7.42,CMCSA,1
2018-07-26,0.6,0.65,7.85,CMCSA,1
2018-04-25,0.59,0.62,5.65,CMCSA,1
2018-01-24,0.47,0.49,4.76,CMCSA,1
2017-10-26,0.5,0.52,4.89,CMCSA,1
2017-07-27,0.48,0.52,7.47,CMCSA,1
2017-04-27,0.44,0.53,19.17,CMCSA,1
2017-01-26,0.43,0.45,2.72,CMCSA,1
2016-10-26,0.46,0.46,0.99,CMCSA,0
2016-07-27,0.4,0.42,2.95,CMCSA,1
2025-04-24,1.49,1.8,20.55,BMY,1
2025-02-06,1.46,1.67,14.67,BMY,1
2024-10-31,1.49,1.8,20.71,BMY,1
2024-07-26,1.63,2.07,27.22,BMY,1
2024-04-25,-4.44,-4.4,0.8,BMY,1
2024-02-02,1.53,1.7,11.13,BMY,1
2023-10-26,1.76,2.0,13.64,BMY,1
2023-07-27,1.98,1.75,-11.43,BMY,0
2023-04-27,1.97,2.05,3.92,BMY,1
2023-02-02,1.72,1.82,5.69,BMY,1
2022-10-25,1.83,1.99,8.84,BMY,1
2022-07-27,1.79,1.93,7.87,BMY,1
2022-04-29,1.91,2.06,7.79,BMY,1
2022-02-04,1.8,1.83,1.9,BMY,1
2021-10-27,1.92,2.0,4.23,BMY,1
2021-07-28,1.89,1.93,2.32,BMY,1
2021-04-29,1.82,1.74,-4.26,BMY,0
2021-02-04,1.42,1.46,3.15,BMY,1
2020-11-05,1.49,1.63,9.06,BMY,1
2020-08-06,1.48,1.63,9.89,BMY,1
2020-05-07,1.49,1.72,15.72,BMY,1
2020-02-06,0.88,1.22,38.24,BMY,1
2019-10-31,1.07,1.17,9.14,BMY,1
2019-07-25,1.07,1.18,10.8,BMY,1
2019-04-25,1.09,1.1,1.17,BMY,1
2019-01-24,0.85,0.94,11.07,BMY,1
2018-10-25,0.91,1.09,19.39,BMY,1
2018-07-26,0.87,1.01,15.56,BMY,1
2018-04-26,0.85,0.94,10.76,BMY,1
2018-02-05,0.67,0.68,1.34,BMY,1
2017-10-26,0.77,0.75,-2.85,BMY,0
2017-07-27,0.74,0.74,0.38,BMY,0
2017-04-27,0.74,0.84,13.62,BMY,1
2017-01-26,0.67,0.63,-5.36,BMY,0
2025-05-01,3.02,3.34,10.48,LLY,1
2025-02-06,4.95,5.32,7.51,LLY,1
2024-10-30,1.47,1.18,-19.54,LLY,0
2024-08-08,2.6,3.92,50.92,LLY,1
2024-04-30,2.46,2.58,4.95,LLY,1
2024-02-06,2.22,2.49,12.22,LLY,1
2023-11-02,-0.13,0.1,174.32,LLY,1
2023-08-08,1.98,2.11,6.6,LLY,1
2023-04-27,1.73,1.62,-6.24,LLY,0
2023-02-02,1.78,2.09,17.41,LLY,1
2022-11-01,1.92,1.98,3.29,LLY,1
2022-08-04,1.69,1.25,-25.97,LLY,0
2022-04-28,2.32,2.77,19.25,LLY,1
2022-02-03,2.46,2.49,1.27,LLY,1
2021-10-26,1.98,1.94,-1.9,LLY,0
2021-08-03,1.89,1.87,-1.19,LLY,0
2021-04-27,2.13,1.87,-12.02,LLY,0
2021-01-29,2.35,2.75,16.81,LLY,1
2020-10-27,1.71,1.54,-10.05,LLY,0
2020-07-30,1.56,1.89,21.02,LLY,1
2020-04-23,1.48,1.75,18.24,LLY,1
2020-01-30,1.52,1.73,13.67,LLY,1
2019-10-23,1.41,1.48,5.34,LLY,1
2019-07-30,1.45,1.5,3.45,LLY,1
2019-04-30,1.31,1.33,1.31,LLY,1
2019-02-06,1.34,1.33,-0.7,LLY,0
2018-11-06,1.35,1.39,2.96,LLY,1
2018-07-24,1.3,1.5,15.77,LLY,1
2018-04-24,1.13,1.34,18.29,LLY,1
2018-01-31,1.07,1.14,6.15,LLY,1
2017-10-24,1.03,1.05,2.18,LLY,1
2017-07-25,1.05,1.11,5.41,LLY,1
2017-04-25,0.96,0.98,1.76,LLY,1
2017-01-31,0.98,0.95,-2.89,LLY,0
2016-10-25,0.96,0.88,-8.12,LLY,0
2016-07-26,0.86,0.86,0.26,LLY,0
2025-03-06,1.49,1.6,7.5,AVGO,1
2024-12-12,1.38,1.42,2.79,AVGO,1
2024-09-05,1.2,1.24,3.11,AVGO,1
2024-06-12,10.84,10.96,1.07,AVGO,1
2024-03-07,10.29,10.99,6.78,AVGO,1
2023-12-07,10.98,11.06,0.71,AVGO,1
2023-08-31,10.42,10.54,1.12,AVGO,1
2023-06-01,10.08,10.32,2.36,AVGO,1
2023-03-02,10.1,10.33,2.26,AVGO,1
2022-12-08,10.28,10.45,1.65,AVGO,1
2022-09-01,9.56,9.73,1.75,AVGO,1
2022-05-26,8.71,9.07,4.19,AVGO,1
2022-03-03,8.08,8.39,3.83,AVGO,1
2021-12-09,7.74,7.81,0.86,AVGO,1
2021-09-02,6.88,6.96,1.17,AVGO,1
2021-06-03,6.43,6.62,3.03,AVGO,1
2021-03-04,6.56,6.61,0.75,AVGO,1
2020-12-10,6.25,6.35,1.61,AVGO,1
2020-09-03,5.24,5.4,3.11,AVGO,1
2020-06-04,5.14,5.14,-0.03,AVGO,0
2020-03-12,5.33,5.25,-1.51,AVGO,0
2019-12-12,5.35,5.39,0.66,AVGO,1
2019-09-12,5.13,5.16,0.65,AVGO,1
2019-06-13,5.16,5.21,0.99,AVGO,1
2019-03-14,5.23,5.55,6.2,AVGO,1
2018-12-06,5.58,5.85,4.89,AVGO,1
2018-09-06,4.83,4.98,3.07,AVGO,1
2018-06-07,4.76,4.88,2.47,AVGO,1
2018-03-15,5.05,5.12,1.39,AVGO,1
2017-12-06,4.52,4.59,1.58,AVGO,1
2017-08-24,4.03,4.1,1.8,AVGO,1
2017-06-01,3.5,3.69,5.39,AVGO,1
2017-03-01,3.48,3.63,4.35,AVGO,1
2016-12-08,3.38,3.47,2.74,AVGO,1
2016-09-01,2.76,2.89,4.85,AVGO,1
2016-06-02,2.38,2.53,6.41,AVGO,1
2025-04-23,1.07,1.28,19.91,TXN,1
2025-01-23,1.2,1.3,7.97,TXN,1
2024-10-22,1.38,1.47,6.84,TXN,1
2024-07-23,1.17,1.22,4.56,TXN,1
2024-04-23,1.07,1.2,12.3,TXN,1
2024-01-23,1.47,1.49,1.57,TXN,1
2023-10-24,1.82,1.85,1.85,TXN,1
2023-07-25,1.76,1.87,6.13,TXN,1
2023-04-25,1.78,1.85,4.12,TXN,1
2023-01-24,1.98,2.13,7.55,TXN,1
2022-10-25,2.39,2.45,2.32,TXN,1
2022-07-26,2.12,2.45,15.7,TXN,1
2022-04-26,2.18,2.35,7.97,TXN,1
2022-01-25,1.94,2.27,16.82,TXN,1
2021-10-26,2.05,2.07,0.84,TXN,1
2021-07-21,1.83,2.05,11.73,TXN,1
2021-04-27,1.58,1.85,17.15,TXN,1
2021-01-26,1.34,1.64,22.34,TXN,1
2020-10-20,1.28,1.45,12.99,TXN,1
2020-07-21,0.88,1.48,68.39,TXN,1
2020-04-21,1.0,1.24,23.8,TXN,1
2020-01-22,1.02,1.12,10.26,TXN,1
2019-10-22,1.42,1.49,5.17,TXN,1
2019-07-23,1.22,1.36,11.6,TXN,1
2019-04-23,1.13,1.22,8.17,TXN,1
2019-01-23,1.24,1.27,2.8,TXN,1
2018-10-23,1.53,1.58,3.0,TXN,1
2018-07-24,1.32,1.4,5.88,TXN,1
2018-04-24,1.11,1.35,21.94,TXN,1
2018-01-23,1.09,1.09,0.33,TXN,0
2017-10-24,1.12,1.26,12.41,TXN,1
2017-07-25,0.96,1.03,7.8,TXN,1
2017-04-25,0.83,0.85,2.69,TXN,1
2017-01-24,0.82,0.87,6.71,TXN,1
2016-10-26,0.86,0.94,9.03,TXN,1
2016-07-25,0.72,0.76,4.85,TXN,1
2025-05-29,4.24,4.28,0.99,COST,1
2025-03-06,4.11,4.02,-2.12,COST,0
2024-12-12,3.79,4.04,6.59,COST,1
2024-09-05,5.08,5.29,4.08,COST,1
2024-05-30,3.7,3.78,2.1,COST,1
2024-03-07,3.62,3.92,8.24,COST,1
2023-12-14,3.42,3.58,4.69,COST,1
2023-09-26,4.79,4.86,1.47,COST,1
2023-05-25,3.29,2.93,-11.02,COST,0
2023-03-02,3.21,3.3,2.88,COST,1
2022-12-08,3.11,3.1,-0.45,COST,0
2022-09-22,4.17,4.2,0.84,COST,1
2022-05-26,3.03,3.17,4.49,COST,1
2022-03-03,2.74,2.92,6.47,COST,1
2021-12-09,2.64,2.98,12.89,COST,1
2021-09-23,3.57,3.9,9.16,COST,1
2021-05-27,2.34,2.75,17.72,COST,1
2021-03-04,2.45,2.14,-12.63,COST,0
2020-12-10,2.05,2.3,12.15,COST,1
2020-09-24,2.84,3.04,7.19,COST,1
2020-05-28,1.95,1.89,-3.03,COST,0
2020-03-05,2.06,2.1,1.73,COST,1
2019-12-12,1.72,1.73,0.86,COST,1
2019-10-03,2.54,2.69,5.71,COST,1
2019-05-30,1.82,1.89,3.76,COST,1
2019-03-07,1.69,2.01,18.66,COST,1
2018-12-13,1.62,1.61,-0.79,COST,0
2018-10-04,2.36,2.36,0.01,COST,0
2018-05-31,1.69,1.7,0.8,COST,1
2018-03-07,1.47,1.42,-3.27,COST,0
2017-12-14,1.34,1.36,1.26,COST,1
2017-10-05,2.02,2.08,3.12,COST,1
2017-05-25,1.31,1.4,6.65,COST,1
2025-04-11,1.24,1.33,7.34,WFC,1
2025-01-15,1.35,1.58,17.11,WFC,1
2024-10-11,1.28,1.52,18.39,WFC,1
2024-07-12,1.29,1.33,2.95,WFC,1
2024-04-12,1.11,1.26,13.06,WFC,1
2024-01-12,1.17,1.29,9.8,WFC,1
2023-10-13,1.24,1.39,12.05,WFC,1
2023-07-14,1.16,1.25,8.22,WFC,1
2023-04-14,1.13,1.23,8.79,WFC,1
2023-01-13,0.66,0.61,-7.96,WFC,0
2022-10-14,1.09,1.3,18.92,WFC,1
2022-07-15,0.8,0.82,2.4,WFC,1
2022-04-14,0.8,0.88,9.66,WFC,1
2022-01-14,1.13,1.25,10.78,WFC,1
2021-10-14,0.99,1.22,22.86,WFC,1
2021-07-14,0.97,1.38,41.6,WFC,1
2021-04-14,0.7,1.05,50.66,WFC,1
2021-01-15,0.6,0.64,7.04,WFC,1
2020-10-14,0.45,0.42,-6.63,WFC,0
2020-07-14,-0.2,-0.66,-229.6,WFC,0
2020-04-14,0.33,0.01,-96.94,WFC,0
2020-01-14,1.12,0.93,-17.16,WFC,0
2019-10-15,1.15,1.07,-6.58,WFC,0
2019-07-16,1.15,1.3,12.86,WFC,1
2019-04-12,1.09,1.03,-5.73,WFC,0
2019-01-15,1.17,1.09,-7.06,WFC,0
2018-10-12,1.17,1.16,-0.99,WFC,0
2018-07-13,1.12,1.08,-3.31,WFC,0
2018-04-13,1.06,1.12,5.18,WFC,1
2018-01-12,1.07,0.97,-9.04,WFC,0
2017-10-13,1.03,1.04,1.42,WFC,1
2017-07-14,1.01,1.07,5.9,WFC,1
2017-04-13,0.97,1.0,3.55,WFC,1
2017-01-13,1.0,1.03,3.06,WFC,1
2016-10-14,1.01,1.03,2.14,WFC,1
2016-07-15,1.01,1.01,0.18,WFC,0
2025-04-15,1.85,1.96,5.96,C,1
2025-01-15,1.22,1.34,9.85,C,1
2024-10-15,1.31,1.51,15.03,C,1
2024-07-12,1.39,1.52,9.32,C,1
2024-04-12,1.23,1.86,50.99,C,1
2024-01-12,0.81,0.84,4.05,C,1
2023-10-13,1.21,1.52,25.85,C,1
2023-07-14,1.3,1.37,5.63,C,1
2023-04-14,1.67,1.86,11.16,C,1
2023-01-13,1.14,1.1,-3.79,C,0
2022-10-14,1.42,1.5,5.59,C,1
2022-07-15,1.68,2.3,36.72,C,1
2022-04-14,1.55,2.31,49.36,C,1
2022-01-14,1.38,1.46,5.91,C,1
2021-10-14,1.65,2.15,30.35,C,1
2021-07-14,1.96,2.63,33.88,C,1
2021-04-15,2.6,3.62,39.38,C,1
2021-01-15,1.34,2.08,55.47,C,1
2020-10-13,0.93,1.55,67.52,C,1
2020-07-14,0.28,0.5,79.57,C,1
2020-04-15,1.04,1.05,0.62,C,1
2020-01-14,1.84,2.15,16.99,C,1
2019-10-15,1.95,1.99,2.04,C,1
2019-07-15,1.8,1.83,1.41,C,1
2019-04-15,1.8,1.87,4.07,C,1
2019-01-14,1.55,1.61,4.18,C,1
2018-10-12,1.69,1.73,2.11,C,1
2018-07-13,1.56,1.63,4.64,C,1
2018-04-13,1.61,1.68,4.16,C,1
2018-01-16,1.19,1.28,7.79,C,1
2017-10-12,1.32,1.42,7.58,C,1
2017-07-14,1.21,1.28,5.97,C,1
2017-04-13,1.24,1.35,9.27,C,1
2017-01-18,1.12,1.14,1.82,C,1
2016-10-14,1.16,1.24,7.24,C,1
2016-07-15,1.1,1.24,13.1,C,1
2025-04-29,1.38,1.49,7.92,UPS,1
2025-01-30,2.53,2.75,8.65,UPS,1
2024-10-24,1.63,1.76,8.21,UPS,1
2024-07-23,1.99,1.79,-10.07,UPS,0
2024-04-23,1.29,1.43,11.17,UPS,1
2024-01-30,2.46,2.47,0.38,UPS,1
2023-10-26,1.52,1.57,3.13,UPS,1
2023-08-08,2.5,2.54,1.78,UPS,1
2023-04-25,2.21,2.2,-0.44,UPS,0
2023-01-31,3.59,3.62,0.92,UPS,1
2022-10-25,2.84,2.99,5.16,UPS,1
2022-07-26,3.16,3.29,4.21,UPS,1
2022-04-26,2.88,3.05,5.77,UPS,1
2022-02-01,3.1,3.59,15.73,UPS,1
2021-10-26,2.55,2.71,6.47,UPS,1
2021-07-27,2.82,3.06,8.5,UPS,1
2021-04-27,1.72,2.77,60.89,UPS,1
2021-02-02,2.14,2.66,24.06,UPS,1
2020-10-28,1.9,2.28,20.03,UPS,1
2020-07-30,1.07,2.13,98.63,UPS,1
2020-04-28,1.23,1.15,-6.52,UPS,0
2020-01-30,2.11,2.11,0.16,UPS,0
2019-10-22,2.06,2.07,0.61,UPS,1
2019-07-24,1.92,1.96,1.82,UPS,1
2019-04-25,1.41,1.39,-1.73,UPS,0
2019-01-31,1.9,1.94,2.03,UPS,1
2018-10-24,1.82,1.82,0.17,UPS,0
2018-07-25,1.93,1.94,0.63,UPS,1
2018-04-26,1.54,1.55,0.5,UPS,1
2018-02-01,1.66,1.67,0.43,UPS,1
2017-10-26,1.45,1.45,0.15,UPS,0
2017-07-27,1.47,1.58,7.65,UPS,1
2017-04-27,1.29,1.32,2.5,UPS,1
2017-01-31,1.69,1.63,-3.56,UPS,0
2016-10-27,1.44,1.44,,UPS,0
2016-07-29,1.43,1.43,0.21,UPS,0
2025-04-22,1.35,1.47,8.5,RTX,1
2025-01-28,1.38,1.54,11.81,RTX,1
2024-10-22,1.34,1.45,8.14,RTX,1
2024-07-25,1.3,1.41,8.86,RTX,1
2024-04-23,1.23,1.34,8.84,RTX,1
2024-01-23,1.24,1.29,3.7,RTX,1
2023-10-24,1.21,1.25,3.34,RTX,1
2023-07-25,1.18,1.29,9.41,RTX,1
2023-04-25,1.13,1.22,8.16,RTX,1
2023-01-24,1.24,1.27,2.34,RTX,1
2022-10-25,1.14,1.21,6.35,RTX,1
2022-07-26,1.12,1.16,3.41,RTX,1
2022-04-26,1.02,1.15,13.27,RTX,1
2022-01-25,1.02,1.08,5.52,RTX,1
2021-10-26,1.08,1.26,16.2,RTX,1
2021-07-27,0.93,1.03,10.8,RTX,1
2021-04-27,0.87,0.9,3.87,RTX,1
2021-01-26,0.7,0.74,5.83,RTX,1
2020-10-27,0.5,0.58,15.17,RTX,1
2020-07-28,0.12,0.4,222.4,RTX,1
2020-05-07,1.22,1.78,45.32,RTX,1
2020-01-28,1.84,1.94,5.46,RTX,1
2019-10-22,2.03,2.21,8.73,RTX,1
2019-07-23,2.05,2.2,7.52,RTX,1
2019-04-23,1.71,1.91,11.48,RTX,1
2019-01-23,1.53,1.95,27.23,RTX,1
2018-10-23,1.81,1.93,6.35,RTX,1
2018-07-24,1.85,1.97,6.61,RTX,1
2018-04-24,1.52,1.77,16.83,RTX,1
2018-01-24,1.56,1.6,2.53,RTX,1
2017-10-24,1.68,1.73,2.75,RTX,1
2017-07-25,1.78,1.85,3.94,RTX,1
2017-04-26,1.39,1.48,6.52,RTX,1
2025-05-01,3.93,3.95,0.63,LIN,1
2025-02-06,3.93,3.97,1.12,LIN,1
2024-10-31,3.89,3.94,1.22,LIN,1
2024-08-02,3.78,3.85,1.76,LIN,1
2024-05-02,3.68,3.75,2.03,LIN,1
2024-02-06,3.49,3.59,2.87,LIN,1
2023-10-26,3.57,3.63,1.65,LIN,1
2023-07-27,3.48,3.57,2.72,LIN,1
2023-04-27,3.13,3.42,9.18,LIN,1
2023-02-07,2.91,3.16,8.49,LIN,1
2022-10-27,2.93,3.1,5.71,LIN,1
2022-07-28,2.96,3.1,4.64,LIN,1
2022-04-28,2.78,2.93,5.55,LIN,1
2022-02-10,2.67,2.77,3.66,LIN,1
2021-10-28,2.66,2.73,2.67,LIN,1
2021-07-30,2.54,2.7,6.47,LIN,1
2021-05-06,2.26,2.49,10.41,LIN,1
2021-02-05,2.14,2.3,7.31,LIN,1
2020-11-04,1.97,2.15,9.12,LIN,1
2020-07-30,1.65,1.9,15.2,LIN,1
2020-05-07,1.84,1.89,2.88,LIN,1
2020-02-13,1.84,1.89,2.91,LIN,1
2019-11-12,1.78,1.94,8.87,LIN,1
2019-08-05,1.73,1.83,5.8,LIN,1
2019-05-10,1.59,1.69,6.12,LIN,1
2019-03-18,1.5,1.46,-2.5,LIN,0
2018-11-09,1.6,1.69,5.62,LIN,1
2018-07-26,1.69,1.72,1.58,LIN,1
2018-04-26,1.56,1.65,5.99,LIN,1
2018-01-25,1.48,1.52,2.72,LIN,1
2017-10-26,1.45,1.5,3.7,LIN,1
2017-07-27,1.42,1.46,2.48,LIN,1
2017-04-27,1.34,1.37,2.6,LIN,1
2017-01-26,1.41,1.41,0.08,LIN,0
2016-10-27,1.41,1.41,0.35,LIN,0
2016-07-28,1.36,1.39,2.0,LIN,1
2025-04-29,2.21,2.51,13.44,HON,1
2025-02-06,2.32,2.47,6.42,HON,1
2024-10-24,2.5,2.58,3.09,HON,1
2024-07-25,2.42,2.49,3.1,HON,1
2024-04-25,2.17,2.25,3.58,HON,1
2024-02-01,2.59,2.6,0.24,HON,1
2023-10-26,2.23,2.27,1.82,HON,1
2023-07-27,2.21,2.23,1.08,HON,1
2023-04-27,1.93,2.07,7.39,HON,1
2023-02-02,2.51,2.52,0.48,HON,1
2022-10-27,2.16,2.25,4.36,HON,1
2022-07-28,2.03,2.1,3.52,HON,1
2022-04-29,1.86,1.91,2.66,HON,1
2022-02-03,2.08,2.09,0.71,HON,1
2021-10-22,1.99,2.02,1.29,HON,1
2021-07-23,1.94,2.02,4.32,HON,1
2021-04-23,1.8,1.92,6.83,HON,1
2021-01-29,2.0,2.07,3.55,HON,1
2020-10-30,1.49,1.56,4.81,HON,1
2020-07-24,1.21,1.26,3.85,HON,1
2020-05-01,1.95,2.21,13.07,HON,1
2020-01-31,2.04,2.06,0.89,HON,1
2019-10-17,2.01,2.08,3.47,HON,1
2019-07-18,2.08,2.1,0.84,HON,1
2019-04-18,1.83,1.92,4.69,HON,1
2019-02-01,1.89,1.91,1.14,HON,1
2018-10-19,1.99,2.03,1.86,HON,1
2018-07-20,2.01,2.05,1.97,HON,1
2018-04-20,1.9,1.95,2.48,HON,1
2018-01-26,1.84,1.85,0.49,HON,1
2017-10-20,1.75,1.75,0.19,HON,0
2017-07-21,1.78,1.8,1.14,HON,1
2017-04-21,1.62,1.66,2.27,HON,1
2017-01-27,1.74,1.74,-0.01,HON,0
2016-10-21,1.6,1.6,-0.01,HON,0
2016-07-22,1.64,1.66,1.14,HON,1
2025-05-06,0.94,0.96,1.81,AMD,1
2025-02-04,1.08,1.09,1.14,AMD,1
2024-10-29,0.92,0.92,0.5,AMD,0
2024-07-30,0.68,0.69,2.04,AMD,1
2024-04-30,0.61,0.62,1.75,AMD,1
2024-01-30,0.77,0.77,-0.32,AMD,0
2023-10-31,0.68,0.7,3.44,AMD,1
2023-08-01,0.57,0.58,1.49,AMD,1
2023-05-02,0.56,0.6,6.36,AMD,1
2023-01-31,0.67,0.69,3.28,AMD,1
2022-11-01,0.68,0.67,-2.15,AMD,0
2022-08-02,1.03,1.05,1.62,AMD,1
2022-05-03,0.91,1.13,24.18,AMD,1
2022-02-01,0.76,0.92,21.36,AMD,1
2021-10-26,0.67,0.73,9.02,AMD,1
2021-07-27,0.54,0.63,16.0,AMD,1
2021-04-27,0.44,0.52,18.15,AMD,1
2021-01-26,0.47,0.52,10.41,AMD,1
2020-10-27,0.36,0.41,15.06,AMD,1
2020-07-28,0.16,0.18,10.09,AMD,1
2020-04-28,0.18,0.18,0.09,AMD,0
2020-01-28,0.31,0.32,4.37,AMD,1
2019-10-29,0.18,0.18,-1.69,AMD,0
2019-07-30,0.08,0.08,3.9,AMD,0
2019-04-30,0.05,0.06,16.75,AMD,1
2019-01-29,0.08,0.08,-2.39,AMD,0
2018-10-24,0.12,0.13,4.56,AMD,1
2018-07-25,0.13,0.14,11.64,AMD,1
2018-04-25,0.09,0.11,23.94,AMD,1
2018-01-30,0.05,0.08,62.5,AMD,1
2017-10-24,0.08,0.1,32.28,AMD,1
2017-05-01,-0.04,-0.04,3.66,AMD,0
2017-01-31,-0.02,-0.01,35.73,AMD,1
2016-07-21,-0.08,-0.05,40.0,AMD,1
2025-04-23,1.4,1.6,14.1,IBM,1
2025-01-29,3.75,3.92,4.63,IBM,1
2024-10-23,2.23,2.3,3.29,IBM,1
2024-07-24,2.2,2.43,10.63,IBM,1
2024-04-24,1.6,1.68,5.1,IBM,1
2024-01-24,3.78,3.87,2.43,IBM,1
2023-10-25,2.13,2.2,3.51,IBM,1
2023-07-19,2.01,2.18,8.52,IBM,1
2023-04-19,1.26,1.36,8.1,IBM,1
2023-01-25,3.6,3.6,0.07,IBM,0
2022-10-19,1.77,1.81,2.03,IBM,1
2022-07-18,2.27,2.31,1.64,IBM,1
2022-04-19,1.38,1.4,1.28,IBM,1
2022-01-24,3.3,3.35,1.56,IBM,1
2021-10-20,2.5,2.52,0.83,IBM,1
2021-07-19,2.29,2.33,1.79,IBM,1
2021-04-19,1.63,1.77,8.47,IBM,1
2021-01-21,1.79,2.07,15.55,IBM,1
2020-10-19,2.58,2.58,-0.01,IBM,0
2020-07-20,2.07,2.18,5.07,IBM,1
2020-04-20,1.8,1.84,2.5,IBM,1
2020-01-21,4.68,4.71,0.53,IBM,1
2019-10-16,2.67,2.68,0.51,IBM,1
2019-07-17,3.07,3.17,3.29,IBM,1
2019-04-16,2.22,2.25,1.33,IBM,1
2019-01-22,4.82,4.87,1.1,IBM,1
2018-10-16,3.4,3.42,0.68,IBM,1
2018-07-18,3.04,3.08,1.25,IBM,1
2018-04-17,2.42,2.45,1.39,IBM,1
2018-01-18,5.17,5.18,0.11,IBM,1
2017-10-17,3.28,3.3,0.73,IBM,1
2017-07-18,2.74,2.79,1.76,IBM,1
2017-04-18,2.35,2.38,1.28,IBM,1
2017-01-19,4.88,5.01,2.67,IBM,1
2016-10-17,3.23,3.29,1.73,IBM,1
2016-07-18,2.89,2.95,2.23,IBM,1
2025-04-30,2.82,2.85,1.02,QCOM,1
2025-02-05,2.96,3.41,15.05,QCOM,1
2024-11-06,2.56,2.69,5.1,QCOM,1
2024-07-31,2.25,2.33,3.57,QCOM,1
2024-05-01,2.32,2.44,5.11,QCOM,1
2024-01-31,2.37,2.75,16.01,QCOM,1
2023-11-01,1.91,2.02,5.97,QCOM,1
2023-08-02,1.81,1.87,3.47,QCOM,1
2023-05-03,2.15,2.15,0.07,QCOM,0
2023-02-02,2.34,2.37,1.15,QCOM,1
2022-11-02,3.13,3.13,0.06,QCOM,0
2022-07-27,2.87,2.96,3.29,QCOM,1
2022-04-27,2.91,3.21,10.23,QCOM,1
2022-02-02,3.01,3.23,7.35,QCOM,1
2021-11-03,2.26,2.55,12.79,QCOM,1
2021-07-28,1.68,1.92,14.32,QCOM,1
2021-04-28,1.67,1.9,13.99,QCOM,1
2021-02-03,2.1,2.17,3.19,QCOM,1
2020-11-04,1.17,1.45,24.04,QCOM,1
2020-07-29,0.71,0.86,21.42,QCOM,1
2020-04-29,0.78,0.88,12.24,QCOM,1
2020-02-05,0.85,0.99,15.93,QCOM,1
2019-11-06,0.71,0.78,10.4,QCOM,1
2019-07-31,0.75,0.8,6.73,QCOM,1
2019-05-01,0.72,0.77,7.66,QCOM,1
2019-01-30,1.09,1.2,9.99,QCOM,1
2018-11-07,0.83,0.9,9.01,QCOM,1
2018-07-25,0.71,0.75,5.95,QCOM,1
2018-04-25,0.68,0.8,17.09,QCOM,1
2018-01-31,0.91,0.98,7.32,QCOM,1
2017-11-01,0.81,0.92,13.37,QCOM,1
2017-07-19,0.81,0.83,3.01,QCOM,1
2017-04-19,1.19,1.34,12.14,QCOM,1
2017-01-25,1.18,1.19,0.77,QCOM,1
2016-11-02,1.13,1.28,13.64,QCOM,1
2016-07-20,0.97,1.16,19.96,QCOM,1
2025-05-22,10.91,11.65,6.81,INTU,1
2025-02-25,2.58,3.32,28.49,INTU,1
2024-11-21,2.35,2.5,6.29,INTU,1
2024-08-22,1.85,1.99,7.86,INTU,1
2024-05-23,9.37,9.88,5.48,INTU,1
2024-02-22,2.3,2.63,14.36,INTU,1
2023-11-28,1.98,2.47,24.84,INTU,1
2023-08-24,1.44,1.65,14.95,INTU,1
2023-05-23,8.48,8.92,5.18,INTU,1
2023-02-23,1.44,2.2,52.9,INTU,1
2022-11-29,1.22,1.66,35.64,INTU,1
2022-08-23,0.98,1.1,11.97,INTU,1
2022-05-24,7.58,7.65,0.95,INTU,1
2022-02-24,1.85,1.55,-16.3,INTU,0
2021-11-18,0.97,1.53,57.26,INTU,1
2021-08-24,1.59,1.97,23.74,INTU,1
2021-05-25,6.47,6.07,-6.22,INTU,0
2021-02-23,0.91,0.68,-25.02,INTU,0
2020-11-19,0.37,0.94,151.23,INTU,1
2020-08-25,1.05,1.81,72.2,INTU,1
2020-05-21,4.6,4.49,-2.38,INTU,0
2020-02-24,1.02,1.16,13.41,INTU,1
2019-11-21,0.25,0.41,63.83,INTU,1
2019-08-22,-0.15,-0.09,38.06,INTU,1
2019-05-23,5.4,5.55,2.74,INTU,1
2019-02-21,0.86,1.0,15.66,INTU,1
2018-11-19,0.11,0.29,159.83,INTU,1
2018-08-23,0.23,0.32,39.03,INTU,1
2018-05-22,4.68,4.82,3.08,INTU,1
2018-02-22,0.34,0.35,2.94,INTU,1
2017-11-20,0.05,0.11,142.66,INTU,1
2017-08-22,0.17,0.2,19.13,INTU,1
2017-05-23,3.87,3.9,0.69,INTU,1
2017-02-23,0.25,0.26,5.3,INTU,1
2016-11-17,0.03,0.06,100.33,INTU,1
2016-08-23,-0.02,0.08,541.74,INTU,1
2025-04-22,1.27,1.49,17.09,GE,1
2025-01-23,1.04,1.32,26.68,GE,1
2024-10-22,1.14,1.15,1.21,GE,1
2024-07-23,0.99,1.2,21.78,GE,1
2024-04-23,0.66,0.82,25.11,GE,1
2024-01-23,0.91,1.03,13.44,GE,1
2023-10-24,0.56,0.82,46.36,GE,1
2023-07-25,0.46,0.68,46.87,GE,1
2023-04-25,0.14,0.27,97.53,GE,1
2023-01-24,1.13,1.24,9.26,GE,1
2022-10-25,0.46,0.75,61.37,GE,1
2022-07-26,0.38,0.78,107.84,GE,1
2022-04-26,0.19,0.24,27.38,GE,1
2022-01-25,0.85,0.92,8.73,GE,1
2021-10-26,0.43,0.57,33.24,GE,1
2021-07-27,0.28,0.4,43.81,GE,1
2021-04-27,0.11,0.24,113.28,GE,1
2021-01-26,0.73,0.64,-11.86,GE,0
2020-10-28,-0.33,0.48,245.45,GE,1
2020-07-29,-0.81,-1.2,-48.88,GE,0
2020-04-29,0.63,0.4,-36.42,GE,0
2020-01-29,1.42,1.68,18.02,GE,1
2019-10-30,0.88,1.2,36.67,GE,1
2019-07-31,0.94,0.88,-6.57,GE,0
2019-04-30,0.72,1.12,55.23,GE,1
2019-01-31,1.73,1.36,-21.32,GE,0
2018-10-30,1.59,1.12,-29.6,GE,0
2018-07-20,1.41,1.52,7.95,GE,1
2018-04-20,0.91,1.28,41.38,GE,1
2018-01-24,2.29,2.16,-5.62,GE,0
2017-10-20,3.95,2.32,-41.2,GE,0
2017-07-21,2.0,2.24,12.0,GE,1
2017-04-21,1.35,1.68,24.06,GE,1
2017-01-20,3.68,3.68,0.03,GE,0
2016-10-21,2.4,2.56,6.69,GE,1
2016-07-22,3.65,4.08,11.86,GE,1
2025-04-30,4.35,4.25,-2.22,CAT,0
2025-01-30,5.02,5.14,2.41,CAT,1
2024-10-30,5.34,5.17,-3.12,CAT,0
2024-08-06,5.54,5.99,8.14,CAT,1
2024-04-25,5.14,5.6,9.04,CAT,1
2024-02-05,4.75,5.23,10.01,CAT,1
2023-10-31,4.79,5.52,15.17,CAT,1
2023-08-01,4.58,5.55,21.09,CAT,1
2023-04-27,3.78,4.91,29.93,CAT,1
2023-01-31,4.02,4.27,6.12,CAT,1
2022-10-27,3.16,3.95,25.04,CAT,1
2022-08-02,3.01,3.18,5.65,CAT,1
2022-04-28,2.6,2.88,10.78,CAT,1
2022-01-28,2.26,2.69,19.09,CAT,1
2021-10-28,2.2,2.66,20.68,CAT,1
2021-07-30,2.4,2.6,8.36,CAT,1
2021-04-29,1.94,2.87,48.24,CAT,1
2021-01-29,1.49,2.12,42.56,CAT,1
2020-10-27,1.18,1.34,13.84,CAT,1
2020-07-31,0.64,1.03,60.06,CAT,1
2020-04-28,1.69,1.6,-5.4,CAT,0
2020-01-31,2.37,2.63,10.74,CAT,1
2019-10-23,2.88,2.66,-7.71,CAT,0
2019-07-24,3.12,2.83,-9.26,CAT,0
2019-04-24,2.85,2.94,3.01,CAT,1
2019-01-28,2.99,2.55,-14.66,CAT,0
2018-10-23,2.85,2.86,0.29,CAT,1
2018-07-30,2.73,2.97,8.77,CAT,1
2018-04-24,2.13,2.82,32.63,CAT,1
2018-01-25,1.79,2.16,20.85,CAT,1
2017-10-24,1.27,1.95,53.34,CAT,1
2017-07-25,1.26,1.49,17.9,CAT,1
2017-04-25,0.62,1.28,105.27,CAT,1
2017-01-26,0.66,0.83,25.76,CAT,1
2016-10-25,0.76,0.85,12.54,CAT,1
2016-07-26,0.96,1.09,13.63,CAT,1
2025-04-29,0.49,0.41,-15.69,SBUX,0
2025-01-28,0.67,0.69,3.26,SBUX,1
2024-10-30,1.03,0.8,-22.18,SBUX,0
2024-07-30,0.93,0.93,-0.41,SBUX,0
2024-04-30,0.79,0.68,-14.4,SBUX,0
2024-01-30,0.93,0.9,-3.25,SBUX,0
2023-11-02,0.97,1.06,9.14,SBUX,1
2023-08-01,0.95,1.0,4.98,SBUX,1
2023-05-02,0.65,0.74,13.99,SBUX,1
2023-02-02,0.77,0.75,-2.73,SBUX,0
2022-11-03,0.72,0.81,12.19,SBUX,1
2022-08-02,0.75,0.84,11.58,SBUX,1
2022-05-03,0.59,0.59,-0.55,SBUX,0
2022-02-01,0.8,0.72,-9.61,SBUX,0
2021-10-28,0.99,1.0,0.78,SBUX,1
2021-07-27,0.78,1.01,29.58,SBUX,1
2021-04-27,0.53,0.62,17.14,SBUX,1
2021-01-26,0.55,0.61,10.27,SBUX,1
2020-10-29,0.31,0.51,62.59,SBUX,1
2020-07-28,-0.59,-0.46,22.31,SBUX,1
2020-04-28,0.34,0.32,-6.46,SBUX,0
2020-01-28,0.76,0.79,4.13,SBUX,1
2019-10-30,0.7,0.7,0.19,SBUX,0
2019-07-25,0.72,0.78,7.72,SBUX,1
2019-04-25,0.56,0.6,6.55,SBUX,1
2019-01-24,0.65,0.68,4.88,SBUX,1
2018-11-01,0.6,0.62,3.5,SBUX,1
2018-07-26,0.61,0.62,2.04,SBUX,1
2018-04-26,0.53,0.53,-0.01,SBUX,0
2018-01-25,0.57,0.58,1.5,SBUX,1
2017-11-02,0.55,0.55,0.66,SBUX,0
2017-07-27,0.55,0.55,-0.2,SBUX,0
2017-04-27,0.45,0.45,0.31,SBUX,0
2017-01-26,0.52,0.52,0.01,SBUX,0
2016-11-03,0.55,0.56,2.16,SBUX,1
2016-07-21,0.49,0.49,0.71,SBUX,0
2016-04-21,0.39,0.39,0.03,SBUX,0
2016-01-21,0.45,0.46,2.2,SBUX,1
2015-10-29,0.43,0.43,-0.9,SBUX,0
